CREATE DATABASE  IF NOT EXISTS `p20_safar1` /*!40100 DEFAULT CHARACTER SET utf8mb4 COLLATE utf8mb4_0900_ai_ci */ /*!80016 DEFAULT ENCRYPTION='N' */;
USE `p20_safar1`;
-- MySQL dump 10.13  Distrib 8.0.40, for Win64 (x86_64)
--
-- Host: localhost    Database: p20_safar1
-- ------------------------------------------------------
-- Server version	8.2.0

/*!40101 SET @OLD_CHARACTER_SET_CLIENT=@@CHARACTER_SET_CLIENT */;
/*!40101 SET @OLD_CHARACTER_SET_RESULTS=@@CHARACTER_SET_RESULTS */;
/*!40101 SET @OLD_COLLATION_CONNECTION=@@COLLATION_CONNECTION */;
/*!50503 SET NAMES utf8 */;
/*!40103 SET @OLD_TIME_ZONE=@@TIME_ZONE */;
/*!40103 SET TIME_ZONE='+00:00' */;
/*!40014 SET @OLD_UNIQUE_CHECKS=@@UNIQUE_CHECKS, UNIQUE_CHECKS=0 */;
/*!40014 SET @OLD_FOREIGN_KEY_CHECKS=@@FOREIGN_KEY_CHECKS, FOREIGN_KEY_CHECKS=0 */;
/*!40101 SET @OLD_SQL_MODE=@@SQL_MODE, SQL_MODE='NO_AUTO_VALUE_ON_ZERO' */;
/*!40111 SET @OLD_SQL_NOTES=@@SQL_NOTES, SQL_NOTES=0 */;

--
-- Table structure for table `addtocart`
--

DROP TABLE IF EXISTS `addtocart`;
/*!40101 SET @saved_cs_client     = @@character_set_client */;
/*!50503 SET character_set_client = utf8mb4 */;
CREATE TABLE `addtocart` (
  `card_id` int NOT NULL AUTO_INCREMENT,
  `trip_id` int NOT NULL,
  `user_id` int NOT NULL,
  PRIMARY KEY (`card_id`)
) ENGINE=InnoDB AUTO_INCREMENT=46 DEFAULT CHARSET=utf8mb4 COLLATE=utf8mb4_0900_ai_ci;
/*!40101 SET character_set_client = @saved_cs_client */;

--
-- Dumping data for table `addtocart`
--

LOCK TABLES `addtocart` WRITE;
/*!40000 ALTER TABLE `addtocart` DISABLE KEYS */;
INSERT INTO `addtocart` VALUES (9,2,9),(10,11,9),(26,4,12),(27,5,12),(28,5,12),(29,5,12),(30,4,12),(31,4,12),(32,4,12),(35,21,12),(38,15,12);
/*!40000 ALTER TABLE `addtocart` ENABLE KEYS */;
UNLOCK TABLES;

--
-- Table structure for table `addtowishlist`
--

DROP TABLE IF EXISTS `addtowishlist`;
/*!40101 SET @saved_cs_client     = @@character_set_client */;
/*!50503 SET character_set_client = utf8mb4 */;
CREATE TABLE `addtowishlist` (
  `wish_id` int NOT NULL AUTO_INCREMENT,
  `user_id` int DEFAULT NULL,
  `trip_id` int DEFAULT NULL,
  PRIMARY KEY (`wish_id`),
  KEY `wishuser_idx` (`user_id`),
  KEY `wishtripid_idx` (`trip_id`),
  CONSTRAINT `wishtripid` FOREIGN KEY (`trip_id`) REFERENCES `trips` (`trip_id`),
  CONSTRAINT `wishuser` FOREIGN KEY (`user_id`) REFERENCES `users` (`user_id`)
) ENGINE=InnoDB AUTO_INCREMENT=57 DEFAULT CHARSET=utf8mb4 COLLATE=utf8mb4_0900_ai_ci;
/*!40101 SET character_set_client = @saved_cs_client */;

--
-- Dumping data for table `addtowishlist`
--

LOCK TABLES `addtowishlist` WRITE;
/*!40000 ALTER TABLE `addtowishlist` DISABLE KEYS */;
INSERT INTO `addtowishlist` VALUES (25,1,2),(31,1,2),(33,12,4),(34,12,4),(35,12,5),(36,12,5),(37,12,5),(39,12,5),(40,12,4),(41,12,4),(42,12,8),(43,12,8),(44,12,7),(50,12,5),(51,12,5),(52,12,11),(56,3,1);
/*!40000 ALTER TABLE `addtowishlist` ENABLE KEYS */;
UNLOCK TABLES;

--
-- Table structure for table `booking`
--

DROP TABLE IF EXISTS `booking`;
/*!40101 SET @saved_cs_client     = @@character_set_client */;
/*!50503 SET character_set_client = utf8mb4 */;
CREATE TABLE `booking` (
  `booking_id` int NOT NULL AUTO_INCREMENT,
  `trip_id` int DEFAULT NULL,
  `user_id` int DEFAULT NULL,
  `payment_status` varchar(255) DEFAULT NULL,
  `amount` varchar(255) DEFAULT NULL,
  `no_of_bookings` int NOT NULL,
  PRIMARY KEY (`booking_id`),
  KEY `FTour_ID_idx` (`trip_id`),
  KEY `FUserid_idx` (`user_id`),
  CONSTRAINT `FTour_ID` FOREIGN KEY (`trip_id`) REFERENCES `trips` (`trip_id`),
  CONSTRAINT `FUserid` FOREIGN KEY (`user_id`) REFERENCES `users` (`user_id`)
) ENGINE=InnoDB AUTO_INCREMENT=66 DEFAULT CHARSET=utf8mb4 COLLATE=utf8mb4_0900_ai_ci;
/*!40101 SET character_set_client = @saved_cs_client */;

--
-- Dumping data for table `booking`
--

LOCK TABLES `booking` WRITE;
/*!40000 ALTER TABLE `booking` DISABLE KEYS */;
INSERT INTO `booking` VALUES (5,1,2,'Paid','1500',3),(6,13,3,'Paid','15000',1),(7,12,3,'Paid','36000',3),(13,2,3,'Paid','10000',1),(15,9,3,'Paid','50000',1),(20,2,3,'Paid','10000',1),(21,4,12,'Paid','9000',1),(28,5,12,'Paid','20000',1),(42,13,12,'Paid','15000',1),(43,4,12,'Paid','9000',1),(44,4,12,'Paid','9000',1),(45,11,12,'Paid','24000',2),(46,4,10,'Paid','9000',1),(47,5,10,'Paid','20000',1),(48,NULL,14,'Paid','12000',1),(52,NULL,2,'Paid','1500',3),(53,NULL,2,'Paid','1500',3),(54,NULL,2,'Paid','1500',3),(55,NULL,2,'Paid','1500',3),(56,NULL,2,'Paid','1500',3),(59,NULL,2,'Paid','1500',3),(62,2,2,'Paid','1500',3),(63,2,2,'Paid','1500',3),(64,1,3,'Paid','9000',1),(65,43,3,'Paid','12500',1);
/*!40000 ALTER TABLE `booking` ENABLE KEYS */;
UNLOCK TABLES;

--
-- Table structure for table `company`
--

DROP TABLE IF EXISTS `company`;
/*!40101 SET @saved_cs_client     = @@character_set_client */;
/*!50503 SET character_set_client = utf8mb4 */;
CREATE TABLE `company` (
  `company_id` int NOT NULL AUTO_INCREMENT,
  `user_id` int DEFAULT NULL,
  `company_name` varchar(255) DEFAULT NULL,
  `company_reg_no` varchar(255) NOT NULL,
  PRIMARY KEY (`company_id`),
  UNIQUE KEY `Company_Reg_No_UNIQUE` (`company_reg_no`),
  KEY `FUser_Id_idx` (`user_id`),
  CONSTRAINT `FUser_Id` FOREIGN KEY (`user_id`) REFERENCES `users` (`user_id`)
) ENGINE=InnoDB AUTO_INCREMENT=18 DEFAULT CHARSET=utf8mb4 COLLATE=utf8mb4_0900_ai_ci;
/*!40101 SET character_set_client = @saved_cs_client */;

--
-- Dumping data for table `company`
--

LOCK TABLES `company` WRITE;
/*!40000 ALTER TABLE `company` DISABLE KEYS */;
INSERT INTO `company` VALUES (1,5,'Anand Tours and Travels','Ana78965nd342'),(2,6,'Khushi Tours and Travels','Khu908564shi434'),(3,7,'FlyWithUs Travels','fl24325345us325'),(4,4,'Shivkrupa Tours and Travels','ksh156748dfd457'),(5,8,'Narmada Tours and Travels','nds789441dff256');
/*!40000 ALTER TABLE `company` ENABLE KEYS */;
UNLOCK TABLES;

--
-- Table structure for table `feedback`
--

DROP TABLE IF EXISTS `feedback`;
/*!40101 SET @saved_cs_client     = @@character_set_client */;
/*!50503 SET character_set_client = utf8mb4 */;
CREATE TABLE `feedback` (
  `feedback_id` int NOT NULL AUTO_INCREMENT,
  `feedback_desc` varchar(255) DEFAULT NULL,
  `packageid` int DEFAULT NULL,
  `rating` int DEFAULT NULL,
  `tourist_id` int DEFAULT NULL,
  PRIMARY KEY (`feedback_id`)
) ENGINE=InnoDB DEFAULT CHARSET=utf8mb4 COLLATE=utf8mb4_0900_ai_ci;
/*!40101 SET character_set_client = @saved_cs_client */;

--
-- Dumping data for table `feedback`
--

LOCK TABLES `feedback` WRITE;
/*!40000 ALTER TABLE `feedback` DISABLE KEYS */;
/*!40000 ALTER TABLE `feedback` ENABLE KEYS */;
UNLOCK TABLES;

--
-- Table structure for table `package`
--

DROP TABLE IF EXISTS `package`;
/*!40101 SET @saved_cs_client     = @@character_set_client */;
/*!50503 SET character_set_client = utf8mb4 */;
CREATE TABLE `package` (
  `packageid` int NOT NULL AUTO_INCREMENT,
  `company_id` int NOT NULL,
  `description` text,
  `source` varchar(255) NOT NULL,
  `destination` varchar(255) NOT NULL,
  `person_per_package` float NOT NULL,
  `image_desc` text,
  `package_name` varchar(255) NOT NULL,
  `package_status` int DEFAULT NULL,
  PRIMARY KEY (`packageid`),
  KEY `FCompany_ID_idx` (`company_id`),
  CONSTRAINT `FCompany_ID` FOREIGN KEY (`company_id`) REFERENCES `company` (`company_id`)
) ENGINE=InnoDB AUTO_INCREMENT=27 DEFAULT CHARSET=utf8mb4 COLLATE=utf8mb4_0900_ai_ci;
/*!40101 SET character_set_client = @saved_cs_client */;

--
-- Dumping data for table `package`
--

LOCK TABLES `package` WRITE;
/*!40000 ALTER TABLE `package` DISABLE KEYS */;
INSERT INTO `package` VALUES (1,1,'Rajasthan, known as the \"Land of Kings,\" is a vibrant state located in the northwestern part of India. This culturally rich and historically significant region is famous for its majestic palaces.','Pune','Jaipur',9000,'https://www.indiantempletour.com/wp-content/uploads/2022/08/Rajasthan-Tour-Packages-from-Kolkata-scaled.webp','Rajasthan Trip',1),(2,1,'A trip to Kerala, often referred to as \"God\'s Own Country,\" promises a perfect blend of natural beauty, rich culture, and serene experiences. ','Mumbai','Kerela',10000,'https://keralatourpackagesguide.com/wp-content/uploads/2017/02/alappey_house.jpg','Kerala Trip',1),(3,1,'Odisha (Orissa) is a state located on the eastern coast of India, known for its rich cultural heritage, ancient temples, beautiful beaches, and diverse wildlife.','Pune','Puri',20000,'https://www.bharatbooking.com/admin/webroot/img/uploads/holiday-package-gallery/1610017639_376995-orissa.jpg','Odisha Trip',1),(4,1,'Nestled in the lap of the Himalayas, Manali is a picturesque hill station in Himachal Pradesh, India, known for its breathtaking landscapes, adventure activities, and serene ambiance. ','Mumabi','Manali',26000,'https://www.tripsavvy.com/thmb/vVG53bOHSHze8Z3NUvcx8fDwq7A=/750x0/filters:no_upscale():max_bytes(150000):strip_icc():format(webp)/GettyImages-930881934-5ae56fe48023b90036464e72.jpg','Manali Trip',1),(5,1,'The Bharat Darshan Trip is often used to describe a comprehensive journey across India, offering a rich experience of the country\'s diverse culture, heritage, and natural beauty.','Nagpur','Mumbai',50000,'https://bharatdarshanyatra.in/wp-content/uploads/2024/11/1.jpg','Bharat Darshan Trip',1),(6,2,'Goa, India\'s smallest state, is a paradise for beach lovers, party enthusiasts, and culture seekers alike. ','Nashik','Goa',12000,'data:image/jpeg;base64,/9j/4AAQSkZJRgABAQAAAQABAAD/2wCEAAkGBwgHBgkIBwgKCgkLDRYPDQwMDRsUFRAWIB0iIiAdHx8kKDQsJCYxJx8fLT0tMTU3Ojo6Iys/RD84QzQ5OjcBCgoKDQwNGg8PGjclHyU3Nzc3Nzc3Nzc3Nzc3Nzc3Nzc3Nzc3Nzc3Nzc3Nzc3Nzc3Nzc3Nzc3Nzc3Nzc3Nzc3N//AABEIATgCHAMBIgACEQEDEQH/xAAcAAACAgMBAQAAAAAAAAAAAAAFBgMEAAECBwj/xABHEAACAQIEAwYEAggFAwMDBQEBAgMEEQAFEiETMUEGIlFhcYEUMpGhI7EHFUJSwdHh8CQzYnKSQ4LxFqKyc6PCFzRTY9KT/8QAGgEAAwEBAQEAAAAAAAAAAAAAAQIDAAQFBv/EADURAAICAQMDAwEGBgICAwAAAAABAhEDEiExBBNBIlFh8BRxgZGhsQUjMkLB4dHxUpIVM4L/2gAMAwEAAhEDEQA/ADmMx0RjLY9M845tjdsbtjdsYxzbGY6tjLYxjWN4y2MtgGMxmMtjLYxjVsZjq2NWxjGrYy2N2xvGMc2x0BjLYzAMbsMYMZjmQMY2EbWa2xtfADZ0QACcA63tJR0MhFTrRL6degkA+dsDa+ozWkd5Yp1DqCdDiwbz5/0xT7R1tNnvZmaWReBVQAFQWF9RHy+Y6YjkyNLbkZJMYcszhKyqMQZWRhqjcdRe2C9seWZFmTmuhm0CKJQWKqLAMbE+3O3mRh6zHMwKGObcIyklTcattgfUke2I/atGJ5Jb0HRvRYzuoaDLWmBCxldRctY6fEDCp2c7Ry0WaDK6+X4iOZrxSgja97X+nLzGL9HmlDXUUwziZXmZHU8ibWta1vTbpt5YRJUjp56Z2HFijZlc6d9rbkX8PyOORdZKc79g6UesfrWCDL6aorXETzKpVDzuRsPLE1HXLU3FiD6YAZOaLMOz0IkeOpkggG5UOysBa9z12OAS5tW8NoIZ9DLczOi34RJ3Xw2x2zzuFPlCUejK6kkKykjY2OOZJAoZiO6ouTjxSvrczpMw1ms4kmxSSJj3wfAjfpj0Psvm1RnMYXMaeRZ6Zdw6ldrbsAevj6m3OxEupTXp2H7bRNnuZ1OXwiqkhXgN8h1G/oRbby/hbCnNXUObGKrzBFWLiquoEswNzs3Xcfl54L9sI6qDPzQySjgOvyWFpQRzFut/HoBgJNkDR0syUwBMqJLu/IAkWA58+uPJefubuXIzhpdMg+Hgy5VmkdFmlJMapa6pb5m26+Hrh17E1XEpKmWaRo42IdWnJu5sBy58tPkPfFI9jqGno/jquqdZQofUTclrCwHjyJ9xfHdFWiWei1xnhljSSuvyAWOm30G+3Ppzxul6lTlWJ78WUnjaWpobaiZIIZJX3VBqNvDADMM+pajLXP4sGpR8yXI1C4NgeX2xU7VZ4aWlEERXVMwUde7cXF/PAMRZpGkOozSkxgu0pFwQbgWI+o/pj055pZLjBkKXkHPRT1MyPVh3ppRZNBCm4ubX9Ra/QnBbPsto4aWjmhEcZmS8vDBa6nYmxsLgX9fLFSvIhSJqZ2gSocRzRq3yt0K26Hw/ocWxlMEuXxZrNUJVMjGIMUOk25d7bx6D+OPNzNwlbZaHAd7I8dHk0UrQ08qhlLEWUgnYex8Byv4432rzBgv+FqRCtO9pZFuQh87e3PEOXVldTUqT5bDxaYXBRwSGtzPPbcbeG2KcObwaaqSnvokJM0E41ab87n9q99uX1wuPqO9DtzdU/wDpCS9yjmvaapZmpNYNhqilNhqBFrG2x3uL+V8TPmXCyKGFW0ide65O6iwA8tx1vfnz2su5zCnCiaOy6JdB2JCq4uLddtJ+uM+KtRQmqiVWW9u8d+9sLHp1xRylKC3Fq1ZbgzzN6BacSCoanlVjEZVN28wSNwLHfDdSdpGpsropqyIXZgpBexJAvyty2OF6LM0+BhompmqCl2VZkDhDuCEJJAv3Tz8cV8yps4raZW/VdYaZGujKjEKD0uO6PW/XCxz5FJrizUNGQdo4czR6eqjEc7G6Bl2cYA9so/h2MSmKJJO9aPYPuNz/AEwNho6sj4UwQxs/eLGTUygX/dvY/wAsXqytFdRNDmUyzTwpdSpA4qDxPj59ee+KvK3j0vczSuxZRzFPT1CyLrDAMAD0Iw15PXRihWFFBLSaGcblXFgCfYC3ocKtQ8MlFPwldFVldVc6io3Fr9eYxa7ORPM8p1EEg8m632J/r4+4Wcbjd0M1tYXzJYaCtMNPLHPWvIhLRCwk1ixXVsBueoFr3v4EzU1kGX07QwiniePeYniAC+n5VIt8o35XYWws0dI8mZxSS05mUudcRsSd9gwPPodI2NvC5xbqa+T4yR24tMWJsHW5PPmenhbAcnFqt2PLTQdyvNM6kKaJ6epivuaewI5ncb22t74L0faCcVCwV1IV1RcS6m7Ab3uPY/TALKuyjZrR/rBZeE0rOyvCNBhOrff2+lsVaxM0o65JJnnqIS5SKRiW0ryuRve45k/+O6OWSWpP6+4m0j0Jpomj/DkV2IuqBhdvDAbMa2ajpElc08iSc2jJAA8jfe3pgZLHLWpSUETrxOEZGa5ZSq2HQ9WZfO1/HCrnOZfCq2Vxu01NDJcamJKnwJ/gOX1GE6jIs0dhVENy5xFVxyDhyU1PJdI2kcMHuNwRbYWv1Nr4WZ0NNNrSV9A0MHZjqBP99MU4pNDhXDJzGk7EbEW8euJ4pJamhng1gCI6gjDpvy/vrjjji0Moo0F8jzM1VJPT1lUqokkbSOzd90BNgL89zv4fS/oGV5uKSkpaGUREoqhwzXsnK3j4/bHl+S5THapzGub/AA9PLwokXfjyeA8gCCfG488GHnSszCGOkQvIWVFCCzEk2B254j1EdbpcL/Rns9j0CWdTRS7EnSRYcybY89yaWTL88aOOBpJ5lGnppU2JODMtTV5JVzUOYKQrqNIvvAxF7+anywIyXIK7Os6kq62bg0iXZ5pTfUbiyADr+QGOt9TCU45HskhIwbZ6GKtF4UZZXmdbhFYXt1PpiySG0nQF23AN8BKWmpstE9W1StTIRfjadOlf3R5DwwFHahqyW1KGDdBrUEn0vf08cd8Mql/MlLbwhHa2HTGrYWaftOkmWtM3cljcoY2+Y2Ph6W+uC+X1y1MSSa1swBAPMjxxXH1WPJJxiK0y9bEFXTJUoqTDVGpuUvYMR4+XljdS8wH4Sp5lj/DC7W8HLKwSVFE1TLOuty8zIIyPl025He/jt4WxHq+ohjjUo2NCNkRooZJTJxWhiTuIzvsxvuFHO3TriaPLqV6atjp1gdtB+QjVvzHK4ttvzxPTZnErzVQVZKj9hnjZlQDlp8frzvfAePM8zqczepqY4o4NJGpVAuenK38zj5v1ybknXwWqluL9RFF8PqYFJlV5GUvfWWYqCP43wEMCyAa4G1INJ0sN98Gu05V3hqIjGGVQvdWx2v8AzwMjeFgZJo7s51c7Y9PHJuOoMeD3UjGrY6OMtj3zmOcZjq2MtjGObYzHVsZjGNWxlsbtjRYKbHnjGMtjLY3jMAxq2MtjYIPIjG8YxzbGWxQzfNoMsh1y7m19I54T6jt1KkyHhIIpDswfVpPgbf39MSnnhDZsKTY/KytfSb2546thTj7VRolDJFwzJUakVAb73/huPfDBDWo1LxmMaWj1SANfRbn645sHXRyf1bDafYuWxptX7IF7dfHAU11WnCqJgkSEBmEhPykbWtfcDpbFyLO8vkFxKVG+7KQPX0w66rDkVaqAovkGZzImvXXZfGyIbtIF1AeBsef0wsdo4pdEVRRxFYmILFRcSbXuOdrD+9sPOaQpWUhKyBoyOatsfXCfSx/q+GeN0kESueHfpsd7W5e/544+qThD07oYSMwqL1KKg07g8MCwB9vfDXSVkj0CvVSq1PT/AIaAg95mBN/Hla/8OWErMIXhqeHJbXffyw0zTx/+m4+HpRFc31G5Daef5EHrY+GI5P6FFeSr8FCu+Ky6vFWr2kjsVjYXuCRsw8Dc/nifJ+JWQPKkSxBXBlY7i42NgB4Nv/5waiyyD4dKvOJdEM0Suq7mVjsTZSLAeZvtbE+VtTUs0VJQUEaxykaTKmvVfndm9rjbHLPMtNJWwUvJRqq6m7Pt8PQLKr6btIdjIwAXl0A5afU74myTNqiphiVaSEM72k4e2snwHO9/p9cR9vGpDXU0tLQ8KRAks7LIzRrfnzPI3FrYn7FGEZPXyLUsGSRVCJszE8reCm3lyPhisJuGLuR5DJJhA9n4KTMxm08MjLHZiAS3DYftW2JW457eh54OU8UtXm8U0krxxxASl1YWZit7eBUC3L+OB7VFSS2uGSURRhZN7arm1gb+u2K0HEo5TURO1TRqSQXJvG191FvMHY7be+OCU3qvIjoWNSjcQL2vEcucinin4ksP4fIjnyt6cvphdNRU1ILu8yzp3EYtYrYk8zy3vgz2siSSrjrUcKkhAZyTfV4b4q5tVRy08RSMxtfe/M7n+Fh7Y6cDqEaQIxTbcg/m2bPPk1NPMXE7iwXVyA6+d7DFCkr5WpUpKeBWaYMsZic6gLEnl12v7YDTSyVFRSxiTi2XSFYmw/lhoy6aOiTi6VokVXR5n+Z2KECwPebn02FumEhBYF6UJOV7HGS07VMyqammWpRVMCSWPCA6WPM7j64LZrmVdRGMFYpBrIdyluXjbpuPfFemqsooJPiHy2aaYG4kqFDaibm9gbAfXpvzwObPoswqpHrPhPiImCxIyDSne5heRPt4Hpjtx5u4npTX419fWxLSvLO6iWHN4opaaJopDNpLJ3kuLG4225353NutsVaGF0lNBpkmoZ2CvEJNJisosVttqANr+R8sZU5lV1leKPL3lnjFk1MBY+BDWJB3XfywafszDDIJJeI8ZitIkfdaRhc36WAvbzudvHly5e1/W+fxKpR5JRCtBQLT0czwpTJpdCFvIQLsd73Jsd/PAPNssgcCoy9lhqWt+A1lSTV0ueRO3l6c8E8wqqeqrWqJDPEzXVlDLZul7EXsN+uBkr/EiQJGWhjTbiqBo63Bvz2B3ty645cFrcSVXsUVVsxWppNGiYxhiki2KMrKTqHjbV9cDp5Qc9qIlZmRWEatYWfezMQQedr4NLLGmZ0VRKFnnYGNXGxVipAJHXYnAOrikXNl4TxyDUdgefXf16478b3r4MoUOnY/KzXZjUVddJLFStcxRlChZbAAajyUDwPTp1nzbNKjs/KyUVbMtLpJlSa8iOfAXF7+5O2BVNS1VHlxf4iRaZwNQuSq+AQHp/fLfFbMK2OMRxrqZpSLiTcknqcc6lc3p3Foq5TVPmFWjRxXSR/xLoLBet/K4P0xJmCQ18T1qF+AuoJISbuflXzPUYJ08TvNCsCxQrIGSRigIUlSefhbn64kbL6iplpKM0qs7XaVySkccS3OogcibkWHW/hh9Tc7RqQm1FG2XzRx1NjDUIVMgFwtja/2GLEcElHRuaOcyHiWUhLMTYX9NrYkzCSSELPLHM0TxMImdO5fqUNgCtxe31544yxYZZ9LSwRQqeIJGNjpsbkA789unS2Om242O47E9FRZlLXJmLVIpgrXjRCDpva9ugJ974dMoocvqKeKXMqWGarmAkkdxrBY+R26gXtzwqy0nDkhrKFxqKqQFJYg2HzC1uvPFvIM9o2kWjqbK5P+YwI6ffcDHLm1zV/sTtnodHmiUdY2W1DhYozYgEWAubEf31xUzCrgeuFDRXaYqZCT+yOlv78PHAQ55BVcdI4hJDGxjllIJCAFgLHnc6R9caTM4Mv1VM0IaSbZ+jqBey36W2xLEqn25tpfmNuzqKrrYqiX4qCASOLK6pchb9SP5eOBlXHG1LpfKIpFdmcTQC0o6k3N7fTw6YKv2hoaunVJI5Yrcrcjy6jf7Yj1w1FPLLRzFdC7FGIUNt3iep6AczbHVOGOEbhOl7bi73wJWcZbE78WjkCAGzcbYsf9+4Y7dbYGT0b07oZCURrAEHnsDz5Hn9jhorKiPL1cx00bTmUk37zqp6nfbly8hucQT55JLTKsipLKtmRWAZdQPO3iAOYHU+OHjOa+UPHfYp57FM8FNRUzCOmp4E0xlgGuSSSBe5JLf3bHWX5jU9nNEdHAk1S4+XhXAPVSevW49ferVziszS0EkyyzS3DSbXLEEAWvsN/Y4s0ed1mWWpcvFK6Sz8QkxFn1DoSbcvAYDi3DS1Y8o0GIcmzbPJ/i+0VY1P3bqqxABFHO3ICwB+nvinR9oJshpqfK6aCOr+d0mD9ycMTuwte/P6AYa8liOfxRtmBVqmINoiUAI1xYhh6X64AdpBT5WXENPTo7L8rRAtEw/dOxB9Djlhm1S0NfhxRlSA9TXUWbu0dUskIbdNRvpa3Um31xdzPJKejpkMFNIIv2ZtdiW9PD08sBaead43rKeNJZV3nV1v15j1xY7Q9o6etoqaKkgmjkUHWXI0gXPdt18b46HDJrjGHHkHbVEHaiilo3gm1G0ioSOoZlBII98HOzGacCNeIDJM1u6ki3PkBbyG98AM7lepyahkkl1sO9ubm1yPa3L2xvs7m/w5EDxB+L+GbgDuWN/Pw5fXHZgcowvyTcbgeux1ULqF4qB7C4vy/hgH2xhNHRrVz3lYnRTxdHPPUdr28sCOyWYUc+YyTyUU9SiVDJBDHGXABAF5DawUDf29LsXaEGKA107Fo47sA56Ek2A6bkD/jjk63qcmWSg/HjyzQhSti3lWXVVZDNUz1Lo2rhgWO4AFz6bjbFc0lVTzFBLYtc7G+oAWt4EfY2wXyNquvpuJp1SVQKhYjtBFcEkXsBdRbV4m+/LBeakp5QyzRllTYLAdAjjHIEnbawuepGOTJk0Onz7ILg3vZ59X5c9XWS/hFpFh1KImAVrGxt5+Qv6Ylyrs/8fRLLCH2JVh8uk35bnfpvhizLJ8tIMkVC81U44cK8Vma9rgWvbcX3IsOotig+eVmU2o6JYYYUFwkczEC/iVaxPpf1OLRzSnBKHP18lIpUelEYy2OyMax9RZyUc2xvTjeMwDUatiGok4MLSEMQovZVJP0GIswnmhQGCB5iTbShA97kgYHTZ01IUecfhFtLJp749LcziU80YOmGgXmvaWWnCzwxkwgXbUpUr4XxxV9qsuq6GnlNSYWWUHYElhpOrl4A39hiHtbl8AhlrqSQcJk4hCfKQRz28f7IwK7D9mI81q1rKlx8PG2pVDcyL7m3TY+uPNz9TLA5Sm9gxhqPTFsQLcumAmf5sKeE/Azqzi5ZdB+UcyD4Dx+/jHBmlbXVRaghiWkCDdxuzHp+X1wG7QV441XqH4cjGOMDa8ap3V8gWNziPU9e8ijGFxfJlGiSmz+WijilqZRUxzzFBZLcO9yCD1ttceflhto6yGthLUzhiNuW18eNRyPLSindpJIoajU6Rj59Q7u55cmF/PzwyUuYVNHHS5bSRojD5kW7Wa4sL/Xrzv5YOPqMmB+9hcUgt2gyGrl4k0mYhm/ZCLa1+lrn63x59W0YpagJMxB1DixnYlfEbn88P+YPBOTHKgCLBxQ6NbugqGA8+8CLePlhHziNLMRIxngYd9v2wd1IHTbEoZ3lyO1Qy22KsyKrQyq5litdQFsRzGmw5Hb73wx5JmerKnaS5lSoRDc81uDz8+RwvVkbQw0yKNCyAuAfDa1/S9vri9UrGlBC1LZ1d2d7Hfu2Av4f1w2SKmkgjf2lzP4+pjqadi5toj0G1m8Be2+LeXUwr6BlvpqStjE9wQP7I+vpgFT5dWyZVT1s8qwRyWkhjZtVlv3S2w6j6YrSMKKrhr0ralp4jd9C90kE7kkm9/ywOnyYovcEosYqnK66gqIXoDdmid3AeykoD3bHoT/e2IM0znKqiIstDw7ER1AvqKsw2O/ncflyxPR5vm+cMRSNlsTFxqW9mX1JO/Xp44F5zllfTUNYKiYST8O51G6tHzb8r+2OeWT+ZKF+kLqkUc27PZa8EM9NVETyF3kZt+73Lbcie8eVr+2OKOiNLWmWYXSniLfiL3G3ADW5E79b+nUBKvMahyiEspCKi227pO17b/8AnByaFm7PUs9RUMtVLUKqrqJUIurWD728eQ9rPXFJSfI5HPUx1E1TV1dQVSOQK7qDISukC/oTbnbcjFrJpKN6mXMGikq6BQqLC8eoNIF6g87Ac+twOROK6mthqUoJYh8OdNg8QG5sSDcb7+OD3aEU2WUkEFJFAGlUoIdHcY82NvE3v9vLEZSTrGvP7Aewv58MzkpZMzlhjnhqVVS8coZIhyAYA7EbeQwLy+izgo4pIZ/h+IG1LEbPfkQR5Xt/XGv1xWZbUSCFgUlurK63B8iOWH7s1U1WeJFUCpm+CVtUtGwuyv4K/Mx8yBzxWcp4YVSodJPkWckpM/oq5axmqQkbXIY7up52H99MEaqSooa3TQrBAamNe5oCB2JO3Le17774bpKSFqqoUQvDZdZfSbA6iAAvUgW8sVky+WZy3xQVr83vq2O9tx5W9TjjnnTl6qLQjXAnTUEuZZRJOJEplhOmpScFVjcgjWpsSb7HqbHr0G9pcsnooaORpIZllYgNSycVe701ePPnbDb2z41HlrM0C/EcW76xcSArbveNtt/THneW5gIo6iklVVWcaf8AYbizen9cdfTqU1qXCA4pFnLdctRwyxWRxbuwq5F/BTYe+2C1FmOS5TPMjU6zVCOuipmczkEElgR8vS2wvv5YhzDs3nGVIlbRcOaF1B4tDPrYrsbjYEj0GF6lEAqI5QJtKvq3AO31GLpQyxbT2+BKrweiZxnFZV1ppqGaBqFHEnAjDK5GofN3RpIv4fnizB2UyjMqmfjTy6YWKTGJAtzZWIJ3+31wmR1MPFjmpJ9UzswqONdOItxZFAvYbeO9+mDVJT5xDHNTVGh6KpBJqo5PwVsq7lgdu74i9/rjnlj7cNMHp/cDau2M+X53lGWJLR0MSQiBN5C2sg+p35YJVGdQw5d8ZUU0qysy8KILZkHh5HkN/wCmFPL4slynMWSeZJvhZRI8wXUXkIFtI5WHzX8QPAjBrtB2iy2WigqqeHhiQM6XHeUKbaj62YX5bY8zN0tz9MW75bLKW1hDs41DwZDNEH4bWkU2a/zagNunL/zhY7RVdZAI6KlreCVnlVizraRLjQ30Jv5j3xf7G0NXFSI9WjQ6iQVLd48rHyHzXHPFT9JH6spKJTRx8GsQ7sQBqBtsR7Yvh0PL21uRadCJQwy5lLLDSAtI1xcCxsdvHwvfbbDHmvZufKcupKzKw1TJFYzLquFbqbfum/lyPljvsXRZhS5DPW0MCNV1RdIi4JKqNiQOXMkb+GNunaCPsrnFU2YTRzQVEa8WJtGtTYFbi1huDjqyZZSy6YSVJ1Xv4D8EvajtPE9NTU0ZDqscTWGxud22+3tgFFnEE9VFLDTSSVYACR6Se+On0/LEeTUbZu0VRUU5ZCuh5JR8735367ffnhjrqnL8jpK+ClpClTtBFKqi12Gpt9zYauXpilQh/LStk5JeTcmZBar4OjgM9SrC0auFUbAMWa+3K1rXAw9dl6U1tDLWZvUxOxNmRAAgsbgeLAHqefhjyTs21YayRKPYyL+PKzCwS42uR+WHyozVUoL0cXDhRQrIQGBYc/rcbeWObqIOMlFBjSIP0iNBmVfLSTykCkF4wh2bu30t0B3BuOhA5ckiSjeSorTPRLDw1DOsfy6SwsVPgCbbXO9j1w019RT5VFFJmDGpzOciUoGNol6aj4+AxLQVdPVwPBUZcI1qY2T8InvowsbXPnz9MP3pY47K0ZW9hYymZ1pGkcTRz0seqMbaHFxa/mLcjzt0tijR5dOJZFq5Ck0Y5new5gXvsfQfTDDmmQ1GWNFFSEyQkkEugY/9w/Lp42wHqKVpq5kMpA4Tud7aiD3bm3I6k++OmM9Sbi+RX7B/KJaWDIKiVzFx6cWiRLbOT89vHzwDiR80raakgqL3JLKm7X628Tv9cV+zdNmOZVtTTxyAUqk8Z3B0r6db7csNGR5dlXZ8VVQYHqJIlDCpkKgqdN+6OnP1vhGlCbS3l9cmquSpVUqUjl2BiYp8obUqG5Fr+PLfy98cdnHrDxXpnTTGw40zP+Eux1Akc+nLfFfLYJ+0+Yz1lazR5ZTNcx3uDfkgJ69ThyzWKWspDQZLDHFS0u8kaoFRbA7bDmSem/L3nPJp/lvd+fZGUa3BlU8dNRqXiEwJ1MZUKhmuAu3sbXuRvvvgBTZdmdRWqsMvCetYmOoWJbuCbMQx3Xblbnc9Dg92WlkzmhH61BWiglC0xY24jgElR4gC9/7sfy+qjOXV2ausesuYKYbWRVHe+h1D2OOaeZ4bilb+qLRu7FTNOz2XUcBq5pwhXRG6cMuHXa+k32Nrc7dNxhUmqhTVs0SOyRq5srDSTcAC3jbY3688X+1GazTzqihliqIVlKMb3J/rf3va1zipp/WFGjSp3410FrcwvIX8bflj0calGKc3YG3wy92d7UfqiFxpkaSJbKpsF8xijmucz53UyVNTP817Iwuyi2wv1G3mcQJDBC6xyyJpnU3O+pT0Bv4+O/54uV2XNS0MU1OrG+rXpFyh9vTngtY4zut2Ka7MFUrKiN5ZUDRMvdF7+IIP18sUc3pBHIzcSPvsTZT8u/LFmiZKdHZI1jcqQshJIFx/K/vinVRUvGDQTS1DSbLddLM58hfblyw0V/McgarZ1TNJHQ1NNVBXp2hJgcEMEbUDsRfewO2C/Y/KITXx1dbKH7+lIiPn8L+XLC5DLJRSsbi4I1L+8P7/ADwYrKoU2bI8NXDLpl1I0BP4gte9v2efLx+uGyKVOMXVjOPpHNs1jaFIYSiIGKIi2VUsbbAbAbjF+PMZ6546eSJZqdCFdSutpd7B7eWx8bC+3REEzxmjchJe+7SKGvqvt9OWLuR5jU5PmsdXU6jSyMupApJBttsPpt+9jzpdHSbjySgqe56JNXCCCrioYZFcgpZVGo9CSb7/AMj5YE51W/qWnomYGWrm2MQPdUDTfy5hQfM4P5Vl8dbUnMKoSxxRv3YdVjq3+gsPufPC5n1Y9dV1tXTBRFBaMCw2tcAWttY3OOLFUZJ+F/k6HFEcGunT4yZy0hbUyKdo9unmbt9bYA5pRUdbXSVFLMVR7E6ZFUE+NicEskkebIzLOCBH+GT1v1+lh9Riz2frKaHL9MtNxSXJ1razD2x0Rm4ylLyticUPWN4zG8fYHIjRxrGyNicC8wqM1jX/AAdLB6vIT9gMLKaiEJkqou7WXrgF2qhpKmh4NVRTTDmmlrNfyAO3ucVafOc1he9dFSsh/YW6sP8Au5H6e+L8ecZZWCzTCBybWm7lz4X5ffHLnXcVKVBQiUdfFJDJlFejpFqtDI2/Cc728rm/ufM4r5bnL9nJKhUBlV7wA3vp3BPpsThmzzs09TOVo4QzTKdVrAW6c/zviqclhT4emzIx1FWdJLsW4YPIWA8j4ewx5PV5Mcf5eXf4Hj7jBlgEeQRcNVGlFddyN7jxtzv4dcKvaqIusjxLq1MdSuT3VJJ9uZ38vCxL3VJQUeSgFYIWWIIHKluZtZRt/wCceeVubOKmaCRGVGcBu7dAOVhtcG4v7dL45Y5Y58jyQXFFXCoJMGdlKKc5ypiUtBIN7DZb3A2Pgd8ayWed8xepYPJaclAt21WubdRt49L7874mbMJ8vmpZqUiIq3CaO4s172NvT+HjiXP45Oz+XRZRSCWKetXizysLEJewS/Tlc/7rY6tctfG7+mDR7l6qrDNLIxijWVItNgQd3O4uOe+9uhvhaMjivp5pgdF1hkUHYryP5nFrKMwFElTS5isljIGY6dRBvufUfxOLUlZltRUS8N1WURMgEkbJrJsATz3BscBJwk7Vi1uUe0MDwIrqGMappgci2qPmPz9/LENFVIQorpG+Hp1Cuq7sQLkIDz3Nxz2v5YZM1oZloJHASogVUh1I62X5iSLnZluBuOW2FGbLRE4EFWGV1DRtoKayOZ0nw3GKYmpQpjadibtDmtZm04epchB/lxC9lUctvG23tixkLtJTSUzagjNvYElRbcjp0OD36ty8IheKIuqhTPKCULW30oCb7+NxfDBk+cUKR/CrHHGgQqWSNV+17dcc+TqIKGmMeDVZ55Q1E+V1vxAikW19SspIK/z5Y9FySuizx2WXTvEys2q+oEc/Pw+mJa2OjrKUwiVJI3XTsNJU25kW5fKfDnhVytarJM4ek+HLRhbkg/JcHf0P8MSlKOdaq9SFkLOezRNncoowTGhWIG5sdAAI9Nv44ZoHo4YY56mmjSQKHQsly5UHU1vDug+mAcVHUyZ7JEIiDUya4tQ2Ym5A8d9+Xvi/m1TQwKlHUPLLPAzxtKCLkktuARYD6fe+OvItSjBDU2tg1Jm8DM4dgySsZFKsTbnub8vb+eFrtDmFS1bTy3WWKIXRh1NhuD0vt7jBCOP9T0ktW6tUwhIweLHoBDEXC3ubbjfrc+OBc1TJnlYZUT8dmJWJBsx6WA62/LE8OKMJWlsKvcqaZc3rG4EV2Zbqg5m172Hp9gcegdm6+qpzHTZXl8Zp7JdI7tMQT85BPeA3HlZsLdcY8lEZKD44Af4df+mp3Gojya23UncWxFRZrmXElq6V2E5Ri+gjXp53G3iLbeAxWenJGvBWOpP2PUo5EyrL6nMMxKqyroMFM4Zr7AgHlbx52vgblFBm3aimpcxlkWjy+YsUjEZLsOhsemxN/Ta2ETszT5v2irDTLXyCji/FqahjqES3vffmx32679L49N7RVtTSUVJl2Ss69xQLHvAbAX+mOSeOGHbz+x0KW1smz/LshlyZ6VnBcnWZ23ZiOZLcvK3LHkObZM6mPNKGiUUquAyryawGr7ki/jhrzHIYqCFKvtLWuUnqFCUqSWS7FtmtuRZTe3hi32z7PVgyCSqo62JZCUm4AaxfdtSp597l1G3Mbv0+07g9v0NSlbYuUNbnmRQ/HQxxTUlUAEsxbSL3Om3387YISSZF2knjY0rUlaZA9QgFhLsCeW4vcd4fQ4ERU1VTdmIaimjnKVEhSMnVYhtgBz5kjpv441mnZfMMoOVRheHXzsokKkhCzE7A8jta/PrizlCT3dPdfkTjIDSwy5TWVHxivS1Vw0a8163sQLFemLFJ/wCoszovjaWZmiilWH8KSzhyBYbb7j8jgrnWZwtNJknaalY1FMSsVVARqXZdLAHmCNyCd79LCwvsp2k/UE8yoDwqqyzIwGkW5Eel/wA8WuTx6krf6CySsjgzHM6fNQaalgaojILBIU0lvE7W3/vffHqeT0tDXcGsNMoSEKV1oDoa/eIB8xscef59nmUZhUJPHH/iJIbSrGujvb96/UjYW36eGLOX9uBS5VoliMj6lUryJiW1rHx57+eOPqcWXPjWhUxVtLc9LlrIuBLUxRl2jYqqk2DMPM9Abb+uPJs4eXOu1EcLszosljckLfyHTkMH847RpVZXDLFJwKJReLYElhvpsTv/AGcBsooWOcrUcUFQkUjyDezFdWx+g9TbEei6f7PCUnya9THI1tNkSU+tfwQFhiWwG4ub/UE+uOKjM4DklVFHIriq1I21iG1bH/cDbCh2nrxmOmWBiQswIHn3treX88L0Es71cSlmubaFDefP6dffwxsXQa0pydPllHs6Q+Z9WU2TvFTQKoWCMBFRbamuCTbzJOEjMsyqqvMJmgQkTVLOsW5O9rfkMX+0NaaitpqqUXiDFSwFyx2JuPf++WKCUmvPYImq4ZA7CVp6ZtQCi7MRccwAdjjt6XEscE5c+SVUxpqHjyqky/KKcAytMpq5QfmYkFgPIXUf+cE51TLsoqBMmriPqF7i/p44r1tDDXZvS6CFgEBnkGonSztsAetgF58wBiftsy01LCrxam0EBRtcW/h/PHnalLJCHl7s6NHMhEjraiozHjqRZTfVJZgSRtzwzx18itTSVdYOJsRFCuplUdW3AHkOflzwvZEsTzqugfgqZZGY9SR/K39TiURxLPKzEszdWFutvoN/72PqzjF+k55cjRVVJqQajKpnmqlOomI6GHPbTb1wBoKOYRyI8MyKyEX07tbmN7befLEtQzZXTxZmsdgxVLAEAKB3SPEnmcXoszGYxcCGOoqe8DeOMsygbk3G+kfa315YqUV6d0Lpt0y5mufZfkWVRQ5fDEYzTqqItrszrdnJ6nlucIlRn1TVlhIsYDnvc7fngv2neOOnCzU6xzSlOJHoCtDYG4sPE78uRGAtPBHDRy1+m4UhItW/eI3NvL+WOrp8UIRtrdj6V5H/ALMTZd/6Xjp/ikNVJJxZ1i3MK8gN9tZtYdBck9Bg6WjWiVKACKIyHUiuTwzcm1zuTe5J6m5OFDJFNLlL1M8YEtVOixgCxsVvc25bC/T74kyTNo4ezrNVzAVDapNzzBI/h/HHB1EHJycPf6/I1Bzt3X0eWZPR09HGu5CxBDazXJYn1vfzvgPnvaFMv7I0uX0keuVkZXle40sfmI8zf7+mFbO8zOc5xTKveWNRGL8ifHE2c007IIHZiwu+nnbUfzPP3xfH00YxgsnPIW9yCqVaieJTKbrTohZz4DSPyGC3ZhlSqaFmBpzs6n8/7/lhTqJ2uo3DrcMb8xgxklQTNGANyCt/bHTmxvtsMt3ZczjLUNVW04CBqaMOkt9ipaw9NyB6nA+izCoqmho9R37tr7Mf59PbE/aWWpkq73snDEbMvJgeVz15Hn4YE6Z6WoihVeHUKVIPgb7YOKOrGtQjQeleopczhgpYmLzKpjg0g3DKGB9Re3/bgeFFHXappUjm4hC2j1KgB529b226X8LFp5q+GjSpm0LVIrUhqZN3RCSdYP7OwZR5A26YWEYib8Iq19gbcsNFXfsZfBPm9FVROtTVarTMQrG/ettfffFKUGyMPDmMTyyyTBBIxIHy3HIeWJ6mnHwUFTEQY7aXH7pv1xTVVJhbLFDmxpUErgOzEAXNwoF+Y8zY+3nh67OVlHPSSZrJF3FZIYRIL8Jthf1A39seZQpaQCw7/wAp98MWSVdRJlAoGikERmvxQu1rePje3t6Y5urxaoVHb/gNJbjrnXac0WVzxUHeqOKEfwUdCPO2CPZ2NJuy8lSxd0hjMgkcXLXJt9CW/wCPpjykS1NFO7yOzgncnmT+yevlh9yvPnzLI5Mqy8aIkSFZDbcqG3J8zZm98cGbpY4sSS4u7Hg7ZrOczTJuzVBDTIrVlUjOQw2AbmTbyOE+PO0pF4JjbUvzNxNOo+OGvtjSpNRRTJvoAXu3uPLCGtOZrs7SKbkD8Mtf3xfoYwnj1Py9wK7bPoQjGY0r6o7qLt4G4scLeeyV8r68tzBYXguZI1GokelvXH0OTKoRs4Ugu2cUCz8A1MfF1FShaxBAvax/vceOLp3HljyHh12ZVbSVFQZqmMmSLVsX8V6HrsPbDhS9so5kSZktqVisQPzkdASOeORddC3fGwWgtNHBUZlJRlTfhBifL+/zxWrMiiZr6ljUbC+wVfLzwKzTOW/WsElBOyS1OmCMSDYNzPQ7chhe4lXm+cPS3bhR3V5SGfUbdd9rkG29sLk6uNOVWl5Moe4/UEEdDBVcGcOjR2WLWCCb8h4E7/XAXNMzjy7TNmWWjj2AjLShlY6r8+hxbyCDL6eIrHlkskoGlpOIBve1wPXlzxQ7S9mIc0VWgeZa8sFVKgnu9CNja19zsbY8TPPp8mfW9mzoSekG1mdVGb5vFl9AHeKoTTG/MrIF+Xw2HX38cVs/QZHpSAwPXsv+JUrriQ+Ba9weXIYK5dFT5HDJQ5XJxJSbTVbc5GHOw6KDta+FftfGsdS8wcfiL3lLEnWSb2625H7YfA1LN6dl+4PNBzsdT0k+dZkaqnjqFo5EEQdbyO17Kxv+zYXtbwxx2orGrayphrl10wQ6AyBSJd2VgellsDbnqtiD9GUyvnbwVKKYWRDq5bIALX9D7Yl7b10+Y55FPKoCFSgjFrDvsPvows011W/hFG6WwpyVjrUxrXQawpPE6M4/vkbeeGJsoizRaabK5TJFLGFtOLNrHzAldhsOf9L1JqeCftHDltra5uFLIWsAlzZr+W/Py8MNEXZys7NpVpS1HFp5Y9UVUDbYn5SLXHO+1untfNmSiq2YIx9yZ6GTJuyubRzTxS0cu5ikW5vb9ncajfUPdT5YFfo+qqZM7loJDxKeWBU4b2ZQbnceFiemA2e5zU11bPxKppIX2UIbLbbkPHe31xXouKnaJpqZws/GQxDdtYY8gLeHpb6YHalLDJSe7QbVhbtQTDmopdZEjkaYlW1h5W+uBtHQ5lMwRKN30k3307eZJAwzdoGC53AasxPU1NhoQbRrp5c999/O1hz3gaOuXOhQpPAFYABjMABcbk+G3l4W32xLHkaxxSS4BKKRkUU1PSVFRX0ij4VCYV4ysD5kK3MWH1xTzGakKzvWxPS1xjDqNROput77Xvc74K06LU5jJS5WPjzpN3LaUVSRYnbbYf2cX3yyiqqqqqax4Jq2FHllQIVUMo7psegv76b2FsBSUJXLn4DBathYyWtjpp453kBkVbxnT3kBHOw57fx9cCs3y2WHKIK2RQ4mOsuN29/oPqMX8wr46CfRJT08tUP25IFvo5bMu/Ujpa2DrVNLmWRrVVhaCmdxCVY6l1ADUSAL9LXOw2te2Ol3BqaRlDwhXkikrsvoaCk1SSS347G9rbNcnysf+J8sMVLTQ9k8jlnjeCStljEaSAhg8hUkAeQtv44BVta2XZV8DRyI8lQbSzxqPkADaQRzBLH128Mdx1eXS5OKmollrqyMBIqRnKIni225AvvuL/fBlFyiva+PcGmgBmEzR1MpYsZTcSXa+rbn64Nx5iwiPDRaWpqEEaOwIKq3zMDyGxJsPG3hiaoySvzSSC+UwU4eTQratBmJG1yWvsbDlbfG5+y+by0bBRTvJSuxiVJ1YurAAi177aev72OiKhkSQ3qjyEsjzhVWbs72WjvTXOuodBrmNrNvyANj7bYMV0NTVSTrIsyAshYxNuNK6rf31the7GI3ZzOWqMzgIimXgtMhusJuNz/p8+mPUuHGAwAAL/fFvsOPJJTfgjPLKzxOrkqZcxVKx3aOi6PJqAYgtYeh29BhzyKkHauqnhzKV1p6FEaNFNls4Y6j4gFSf6c7XZTszBJWZtUZvCOBDVO2qZQF25EeJ3Nj038sRvTGTtTmkMEq0sdVFGqEGzd0HYDrsfrjz8mrJkeGGzXn8i8WlHVLgzLK7h9nBBXIIXyZ3hSoa+niknSbW2shUAnqfLCrlVbDnElJTxrLHm1P34ZZZGkSUoQVBF/K/L3wYr6OVNWV0DiaCqVYTH+46qSrE+agi/lhezani/8ASWXVtNFoeL8KR76WRwbMP78Ti2Lpt5Sf19WCck6L36U6iGXNUEWh5FXTxF6kfx35YrHsrFnMME2RS8SSY/5cu2rY9eQOxP0wJ+JEFHDM/fqoUkXRJzGq4v5nUb46yLtDUdn8wjmy8kqVAdJtxuRe3h138MaOKePEo43ug7WUM1ymrymq4NbA0J52JBFvIjHdCk7VD1VNCXgVwGAsQCQbfkfy649H7Z5atfTCCdXSZ6WSppmY7syWsvPe+49WGPOcjrEp5XWp1GIoe6CACbbXv/I+mKdNleWFz58iyXsH6jKJ8yzqOnCsMvgBjjdF7o7oPXa9yL3O+5xZyiSGnhpKaKUFVlEkrXuZWB7oB6KPvv4467PUsMf6yziqlVY4aN1jUubNIw0rsOYUfU2ONolEMroHjaGKKrpOIZStiJkJVyD4kqpty3xHJFtOKfBovyB4aMx5ZUS1JkidakcLSN3IuT7Dx8xgZVrBLXo8RfhSAX1899t/THpGaZWsuS6HVBI+kotrDkeX8/IY87rZI0dIdOyMw1DawNiPob4HS5+7bM7TLUk0M3Z+OkYmOppJWZmK/MTc7fQ/X6Q0PcSsrGOhUhEfQHvHe3srDz98cmdKeojrJkaWGRA+gMO829rnoNQxHNUUs1GUp1lSXUpCklg5BO/3+5x0teEgMe8rgel7PUrs2qSWQGRyeu5C28gB73wF7bZv8XKsMatxYIzG5N9x/e498c9mszqK7L5MvlZvwCZY9V7kkG+/vgfmpnhkllU96W4cbEix3vccv5Y8/FhrqW58r/JSctqRrJZBFlNZVHnYR2I6Dn+f5YJz0Ky5Y86DWUiLEg28z/fngJldQBlVbTFbkK1mPS/8f5Ycuy0C5fkkYzKK7PqaOGQbMhtYuP4fXwNuql2/WubEnTSOJ6Fs9yGlqKpZIKGGn4r6BaSdheyx32AP7x28Aegap7TimiGW02XRUVGU0q9JIwlH+ouT3vcYdK2RJshqnrJmtpYtoIN2vpG22wtv/u88eZzv8dNPO6NqRT3hyvcc/Da/vbEekSnepbJ7Gc22WKeSOeemkzQPKtZJwhVTxXvbSNRGrci9ib+/hdzCjEGW0WVmxlWrWOW52DE2O/hsLHqMDpoahcupGqUk+GVyY3H7JuLgHztgn2m+HmpKTM0vpfTDIy7kaR3Cb9dIt/2+eOmUrnHf3NdoLZ7WCmr4KaEqY2WX0BAABHn/ADIwkVUvxEyx0wOmJbKL+HXDp2dK1dG2YTzAnRLTXtudSnvb8v6HHn1PK9NOJFAJU8mGx8sbpUrlHyv9grezunEkNXFKEuVYOAdtVjhx+IMuXmpISWaVTYX5MRa/ttbC1Sw/GZlHGhkEkq9wLvZv5WucNtZlldBkhlWnWOKlgj1Sa1u9tztcnmbeww3UOLcU+QSFqTJa2ehfNlpwKJSVZ7gAW2/pinltQ9LPE8YViH+VuTA7fxw7dmX+OL5WjqtPUxGp0TAkIDbUFtztYG21726khfz7s7NlWZSUrF2iAbhyW+ba97eu3tjRzXN45/h9w9bbFuqgzKopZIY9+AqRNvclWNl/O18RQZc+avUZrVSAvETxUGzOdNgo9dJ9hi5XZxSNVfGUdI8UYjUNCZbarG4a/O4IGO6OX/BZjUsjJrhs6ODpPdN7fX2uMItcVxX1uKlborLK1XQCnqDeTMEl1XPKUWaO3W2kKo/3eeFzLqOSpZiF7ifO3h5fY4O5LlzVOXiaAuJ4Zg0SarkkEG48NgPoMcZrUR5dUuYons4E1KVICKri4JW1m8L+XtisZbOEeRmgPm1M9HU8NyCPmRxsCPTFZzI0Qj1HQDq0325c8WK95K13mLoBGgLAtbraw8cQwxhkkYWGhbnfpfFo3pV8mdeA72ayuPNaCvheWJZoYhJErsRqB5kW5252x12NNKlaRmRJjEbtECxsrjkdvEm1+h3xrstDl1NnBOeQmSKFCeBKLAvyAYHz6YkzjMoKirkmhgAi+VFVQi26W8Nh0/njmm3KUob0xXsiWesppagjMMtpvxNQV4l0NflyG17+Q/hg72Ign4cstUjRvWSvwxIQGdVAGw6AcvrgDTgV9GJnqYWFOVlImuWWxCkG17jcHpaw8dqtRn0tPmCmBXX4YsiNuGN73P5nEcmGWWDxxFxS0sJ9rc0qIqySgp2IYEatJsQ3NSPA8sVsxmosuqF43HC1MUdTGkbsulXQXBAYb6tWBTrmVXVs/wAMah5m4e45ORcG45Ha9zttj03I6KKXJ6RZKFa94kMbVAC2YhjcDUQbAkjl0w1Lp4KKVv4KqSsCU+f1i5bTR00gkraWTvFmuXW1wee+1gfHBumzmLN4Feqplp6xdS94EBtj8rHrfa3XpfGsuyGggrnrCyxwIpbVEly221h42v8AfA+btDDUTOlFSFoo2KFpu+zDzO3PEZdU8kHCNtHPorko6XkE1a4eExyaY6eMBQfPzHrjjMQ7xXlpeDLqEiOouJTfy63I5Ys1k9HLQsGglilB7qgEqGtYX6+1+uCHZ1WqKVZoIjIY1kYStuVAuFVfMnb3+s4/+SG06titSZR8M6Zzm0tvhO7BRiwIuP2z0O42G/LcYt5BXw5nUNHpipcqpjdmVQFZz+yB1a9tzfa9+mFDNnqnrZYaqolMYkfS29iOakg+3hinrqMsNFJGQJplLiIgARrcAEjxJB38hiywuUfU7fj2DtdUegrmGX0eZo9OawxRXKoQrLe1g1ttxv164OLWxy5XVZrAzMwhK06yLYpa99vXYe+EzJlq4lQ1ijUoJRZUt3ybL7Xtv4XweWQ1OWtTUpW8jsliTyOkk/c44M8WqS3Y8dxHo8wkpoSkrX1M1h+1vz+4viLOqHXmlPSoJpI4mRauQgtpcAaybdNWoYcY8gpps3jgZgBTOjMC26AG526k8sVe2Oc0NPE9DliHiVet5ZFYXa5JIP8ADy28MduHKpNSguTKFMpfo4plevmqggs8nCKkcje5Hhyti62TLJnBizN1097SmrTZjI5B1Dl8wwR7EzpJRU7BVR5algdFh3ipJaw5GwwvduDPTV8slOHC08UT8S/Ikmx+oOOPXPJ1c4rYZRpWbznsfVZZnDVlLXh3ikvpqBYkf7xsfWwwdpc7a0lJPE0LNCeGj6bOwsdjy/PCtk3aaqzSZKbMV4kbAIJP3RsN/EXt98M9PneVGn111PURS3bXwnDAgEhW/wDdf2xfPHIqjkVmXwJ/amiejgpKplW5dy4VbaTsQv532G99sTZOq09VPXyARTwsixQMe8huAT6DUN/tzAvZ48WYU0jmodxBOkrgi5ZPlJ+4PlgZkXxVV2mWbL5IVndmaMyxagB426H35nnjpjNvE78WI4Og9Rdl85zqrp8xkhWnjWUf/u2KkoLAAKATyF97c8FqvshNJpqDUU71cUyTyNoKl49rgexPuRi5nme5rl2knL6hoiE1NEp03ub7i4HTn44go88nnomlWGaWc6ojGg4pBAX93nbu/Q482WbM0pxqvwLKEb+SCkrKXLctano4YYAJCGXVbWwNixPPfbfpgrkGurgNdMYYjV2hg0gC6jkxbnuwNh4Hzwr5lVZHNKIswyeouxOokywuRYDltexNj/Zwez3MYsmpqOlo+GjwwKYomTWrC1gPH35Hyw2VTWmMV6pPcCjy2yGszqtUVdNX09NVNTBh34QCRpNxyuNxfbHmlLVTVM1RlyoFapmBRVawVgeV/DmPp4Yt1uZ1c1ZULC8ix/IovuLjqfbAiii0yCR2eLhtcyKd1N9t/XHqYcWmLvkWTadF6mqFSdxWxPLBoOkXA0tsRv8AX+74mkyuGNaZke3HUSIWNx/t9rH1uMUqGGWph7hbdyhHO5+YYL5C9JW0E1FmLhDCg0OeaC4AI8dr7Dx3xTI9KbQsmCqqorYsx0vLKsiktEQxup5gjz88P3YiX4/MoariDWaUSuSLGQkBJB6akU++PPs6gnpcwVJGEvDs0bK19S32wUy7MaimyiGoyyZ46iikbU4QdyN23B8QbrzHMYtjklpkxJW1R6pnUNFJRT08i6WeNjdE1Fb9dvPHnUWY5nQV1O7tIpgUXMkhYSADb3sBsMEaHMM1qnWbiU9ZECY5RxURna/dumzEeQ2NtuWIKiuglq6zLs4gK1EysqSMqWB6MpH1HXpyNsSy9TKeTbhEdO25eqs+GadmcyizaRkNQLUqjbcA79L2I5+BwEfOJ6ynpcxciWqhIWQ6tJDEHmL3tyN+WxwPWoqhRcWoiD0bKYwrEEjw5G4sRfztirSTjLM2WURJOkiakW5sb8rW52wW5SW4UrVDdTCSod/hS71NRI8vFB0mN1F126gNf0vhfzaFqquaBmIStl+JQ8gGNlfUByYEH74JU89HBI01NTETvLrYggaFuSF25E8r7Yr9qxLCfjEj0xzoyt3CveuL+YB03H1wkJtvSisHfIIzHJ5aGliNTOGd3ksgXcBW0jfzsxx3SZXTT/HPVyACCn7pB+YkAIfp08sN1TTQ5xUvmtRUKlPLFFKyc2DvHYjy7wPLrgJQ5ZC9Zpi4U8lA5qdJawnhWxK+3LzucB5uY3uvr6/Ma96GTP8AMauoyjKq6sP+Nmow9gR3Y/A9QWNvS48MIGaUsNNWKqXY6CZN7b32t4Dl9MNOZtLV5NJmFfcQvMYqaOIDWTqYsOuncKTcE89vFdrYtfwk7o6lu4VJuSAe6OW/TfC4PSBslo1XO82ocvml4VI68I8IgBCEvffzUHfzOGrsXTURoXy6rg/WdPSVZ0SxvZGEqFH0k2uBpuR/quMINAiCrSmqCeFJIFk/07EDDZDmkE6ZiHzaSnMamOlhjueI4/auBt4b2G/hhstx2XH+x40uQj2nzBUzf4eeJ1QwKg0jV+9f7YVf1Q07STxRzNRo/enmGkW2sB4k3/LlvZpzyrp89nyzNcwSdKIwXmMFt3VtLob8u9ptboxODldW5dneTyNlrrCaVbLDKwA2He35bW5441OfTY4+n7/gZxtujzeupQ9A+rhkqOJGsRvaMgH6AsPHrgSXZpImjDM4S1gNyw62wdrODT1S1LyO1MYxrYC2pXIUi3QLpe1uZUYoT/EZbUTUccSM4fUZkBLW2226bY9OP9Ij4MoM8nhUoaWHXYfiImhhbx8eZ+2II66YTSy1Tys7hhYEj5jv9sW6OOQ18r00ImcJ347bKTz9bbnyG98WkSmrauTTBTztGo0xxlhHcE3tbdhy69eZ2wr0Jt0BrYIUFfPNFwhTKpkULGkthpYb3F/UW8friX4iuFfSRlpJnAtNGy3t3eerpzH09MLtbUx6tEUjmUKsax0ylRtuSbeZPj1w59kaJ8s+KhqzrqI0EpS97E8rnxtb7eOOXOo4oObQFE6zOgZcrly+nfRNK4MgU3s3Mrc8gLnfbAWsylaTKKemhMczudckq3sw5Ajy2++DeZVcMFVBHUOL1LBJbnkGv9L7fXwxHnWY5Uc0psspAXZAFaRWAjXoRfrv0HUWxxYp5Uls/dhrVbLUVH8d2dp45oP2WV4+jjmCPPlgDlNPHPl+Y08gZo4kIkWS+oMOXP0P1wY7YVzZflC0UEZZLFJCu5Rbc/S+2FPszVBJ5dUptIguBvuDtfFMEJPBKfu7X5grcvyRTfqqqpqUD4hQJ+6Lh1AIPpsb+vrhSjhaQF9N+vLcgcz9/wC7YcK6Wuop6DMcv0ymVTGsdtiSDf6f35CqKCWapM9HDw6TWeGHIbQL7j8sd2CdRcg8Lcp0/wAVFOldTw2NDIoYkcjuRqHsfpglmOdZxV1MFJUHgwFlWOnC6dRI2O+56c9sWaE1lZTV6QxiVqmnVp5W2C6OlgOZBYW2vhcqq2urKmnaaeSYxlUj1sWsByG+KpKcrpWjL5HqOKm7PdpcuSSZ2eHQ9fVMbrJxSQfIKNj52ucBe2ecPn/aGaXK20UijQju2ldIJGu55AnBDNxV5xnlK0lOAhgFPVcNxswB5+/8cXeweWx09H+s8zBMNM96WNrauJazkb3sAOR632vjjejGu/LeSVfr9fciikpbRewUn7O0T0+aVeYSJFRKf8OI1IeMMgIVr892FlA6bnphMzPPHq6Wmgr4zqpofhyFWytHtY3HInDP2nqqqorYZICTRyIJ3gsLFwSvM9bKMKlXDTwzoz/jrGq8deL3kDCwBPltyv8Axw2FNtue97r42JSyK6R3EI7yZhTSFI6dkCpGQDYdWvax6e/XfHdPGuY0iTToiSwRzUz9z5Ni8R8rW07+GJUbL1mC5e0UcUbNxGN2uSNmvbxv48ueGHNZMtqUTLUVllmow7FN+IyqH3t10hxh1NqaVc/oMncbEFoKWWeVHcKI0Cq68iQOf1vjXwD0hHxcb8J0NigB2B52/vnieqr4BX1iND8RGZntZ9JYX/L08fLFWkrnlqiZJPwwh2kuQPAbewvjpamBXYRzCGHMZaieBZbh1EjF76zzLfl1wcz6hy6XslRyQyh6uOnGtgblmHzH/wA2wOjyGtkd56XL8wMErA8bhjh2PMC4F7bi4PtiQ00lNSNFI8UkEiWJQkjcfntfHLOri1Lg0nXIByaSQPNY2jWImbULjYg/U2H0x2J6StrYzXxnhvq76PpaxuASbWNjY38sF8syOSWhqfhqiPTMI1KKbFnG/Lw3P098LMkJireApaQqSjkD2Nr4vGUZydPg1b2MFJmUtBRVVNT1vxCyopBWMXAFxuSL7X+5wydmM87PQZcyZxXT083EJRKRZNGiwtsF2N73GA0nZJ6DLP1lmT08ERKFYTIOJIhYA6fYk77+XXG5Mz7MUSRwnL2mGklZWGlnUsdJYb72tiKljlehavuCouLsIZhnEzRxzRzMZY1CkM17sTflfrbw5YzKoFiVqiSqZizHSqvZRbmTz3/vnhcljd4KfgDXIxKkJt3gTzPph37I9l3lyuX4yujV763jiBZkHPSWuBcgdL458kYwhSZGO7JK/wCBlnejiqWaojRZZNGldQJtcbEH+uL9BS0eViYRSPGJohpaQgjUu5NtrHZr2xVzLLaAVagxd4rpXSwLlbWuMKfaTN52h+GjqjMyXUhB8uq11vyJJHS/rieGEZ7RtFIyaexmb0s2Z5s0dKVAgcRyzSELHH1BJHIbHb+Jxmc0VTW5lC2VPTVU8UQQRQAq6gE76XA7tzz88X/1fTUvYRKSomijzOSXj2VADtfSrbd42Fz4YHZZn60lT8JCIqVJIX49Q578kmm4LH1sANuZ8cXhJytw/ttff8lZ1J2xxyWB8uy6mgzp6VpXbuiH5ozyBVuh7xBFiPTA2SKplrohk9VHGpcK5DElbgj5T5AcueI6OqpsyqaaKapacRQlzNGp0u6sTbxF9vHZScd0lNR01ZSQUUj/ABsX4i1RXUsnMkEmw25W/I4i/S23z+gG0uCxl1BXZhmsk7TMKZqdhU1CAkRKV0/Uj+Jwodsmo6uskr8ugmiiUhO9urW2uD7Xv1v47YeJe0dfBlU1Lk8Ap2iNpI0XcluTct98efdyad4JpNAYhWjIuCL72PQ4v060u/b9hXNe56T+j2biZFJU1pSKBZdSSkDcabG31+2Bmc5rSVyrSUDtD8RU2lqX3YKOgJ5GxO3mcL1VnFQrU2XKuhKVFhAQ2DOObWG2/P3xLl8WqoNNLRcUK4WcKL90kG4t4bnHMujUcjzS5ZXWlHSMmRZfllbDUrCyU1HCyxvVS2VdYPQk3Ym/U7X9sAO1qLS14pcvkEkaKVJX/qL1G3MG/Q477Sy1C1sERhEFPJHx6WO91Rwd9up6nxvfrilBPRiriqaiRkpbtExtvZluRfx3ti0Mel67sEnHgG1nxFFTsYtcTVJKr3Tp0nna3XkPc4baafLcjR81y9lmqxBadVbXw1JXveOx2JJ64XpZ6eSkpWJneniqnjCSgBlVipDbm97k2AB2BxaoKHhU1TGskf8AiEkVeOpN2UsgFva//jFc0FKK1f8Af3h1JKxpoe3uU8Nfi0nhm1abjkq25/344odr8wpZJIpMsqmqIqpCdELciLXuL3HMdOgwh3qKGZXmi0vH3JBt05EfT7YuUVSaMJK0LGmMweIg33BGpLjkSLH264nH+H4oTWSAHlbVB7snmtVFOKKokSWjfdVqm7i+AN+XMi3jgx2nzWnGZw1UkBCwFV/fVmtsL7Gw7p9vbFTLqeKpaohkp7T0ZLJGVBJUWNiPG5P1wInlhBjy+ch4QBIrKSzAleexta436/lhXCM82peEK3UATVR6V41zaQqw8yb7/wB+OL+X0lPPlteHOlTEdJJ3JsdP54lzDLZf1O0TatcLqjuR6ch/3AfTA1KeWSkgRW0zLK0MkZaxBB638iPofPF/647Otw5Gk0W+z8cRyesOl/iE4cqkDzI5e4v9MBHZVl+JC6lVyHXqVPTBahp5aeKnq2RiIkN9IvqXYW9NxiJYYI2rOKsru4tEmoLpJP7W3TFU0pN+5F7MO1goqimoZqeRXaN11qR8gIC6h4je/lbAClkfLEq6aeI6eOhl25pvdb+Y39sEey2ZR5fM9LV00EpuVjacmxHIqQOfQ74LTJS1OYVKLCIpKmPXS8J9uJGN1F+V15X3GnpfEorTLQb4BuW5Y3CmagqjIqTGHWpF3Qi67eh3vuCfoUqJcrWKOkzCnSapjJIaSV2KNcWQaTvuSevXCklTJS1PHjkZWYlZL35+f1I+uC9LR1Bhgq5KdHmkkJXiEqFBPXcW8B4m/gcDLj9WpvYRp2Ea6i4lIyNQTusjFo5aZ9QG1ttrabDx8cLFVAlBT007TJLPdZo4z+4Rup39PocOGU5lmlX3581mSmh2lawC6dvw0Qc9ht0AbqSBip+qIc4zCWSnqoKamjYjQIy7aPXlc9fDC459tuMnsMkkV8kWB5ZYlDMJobJUUpso5m7AkEEEHvdL7+OOErZs5p5MsYpJK5fU3jJ8yt53tY+dsAjBPFUvSLI5konDwGM6WKk8wef7vpg7S5qZjHOsfAroJAZeGt1drEC69D0uOe3LFXHS9S3+v8hUaexQy6reloeAC2oJodC1rEPyt6N49DjrK5NdeslBxFmjsTPIdQ18rL/pIJBvz8saz6jaozBEooWVa91eCO42dtit+Q329sOvZrsnlORqR2kq43niMcjxCUqI2BJQf6tx0++Bny48W75fj9B1jblsLuYLeohNMrirCNNVRzPZWkGwI6BrXNzsbi+JswqKSsypngQ61iYxWFiJSbm45qRsN8FfjYKuvmFPIi8J2aAFQXkQCx2v8wHLxB8sLmdU8cdQK7Lt3JOpo7EA8rED5W/vfnicFbV/XwLJNMD1zwS5ZLJFww6lLnVvcm9h+eB9DxVkSeMsFEgDSgX0g7fWx5Ym+H4sJETgq7hmUDxYAe2+GqjneTLzlVW0ccNMmu0QANQBy0kA7+Pjz9OqUu3GluBypHOYqMupKzJnYTKlbFOgVgSVuFdb+JGjl4HFCXKjUgotWrRq0MbuBuS5Yal/06hYeR8zjWYUkkUjPI5kDFWXiAEnwBt6Wxbo4Ja6jzYxyRRxmCmWLhm4QrLGASDY83b0Nx4YCdpOwxlaRUqIFkyDiNAsZoatBKhv3VcEFPYpf/uOJqiYChTMoKYRvGmgQm/+WRdG9Bpt/wBo8cG+z9KZMjjeYfGS1WY8OaKRQBYJKOvkb+owGVJEzZmzWOYpNemlZthGL2W/oQDYdMa03QWDsnpZc3RMvpnkQOjzVczGyjfu38V2G3Uk+G0Ghq6siynIoWaxZWkOzTG+7E/soB08Bvc4OZhDDSZXV0lMOFVx04WoLHc6bkstuhAPoCB44HUchy/JpYsqDNVz04mnkUd7h3sy+Vib7eFz0wE27a+vkdUE6zL8v7O1VLltDPFPmlRYTVUv+VAD0AuOVr3/APGCv6MMlramszg1zaRG/DmRv8x5dVyPTfc4TM0amqcuo6iMHiNGEkJtqZwArG/U33uehw7ZNmL1qVs0OZpltZXxoWjOyyEIAWVvMLfxF2xDPBrA03bfLf3/AAMqcgH2tH6vz2eNWWRxeZf9Dc7fe4wAaCamSnqxruoB1Lcd0+eLM8+czTxU1aWnClimtNTbAkhWAudgQOeCFLXUbUTZZUK3F4OhWXfcMSL7enI9TisFLFiS5FpXsR0naGGSSqhzXVMksn4dSDuVBsAfDa1vDFN8ojRjWmRkyziBDLFfYndTuD/dvHFTMUTVT0MdEVqIyys97ma9ipt/tsffF3Lsmziq0ZW0U1LSuxbVUxMFU7XvtexKja3nh2ow9SdWDzuXFmmoqmSgpZUq4VHGp1kJAIvqZQL8+tutj47CDnU1PNIYgohla5RQO7z2H15YJZxlElPUNCyySOIlCutmEj7EkdbW1c99he2FoxNrOoHRyJwYRhJXymK0mxw7C9of1YKw1rv8NIyuDYd0jZj7jp4gYC57QyLn8y8PQszFowe7r3Ow8zbYYFcIoFjkkAic3uBqt62wx5xnFJXtTS65mqqaIJxorIJGCqCd+9vpJ5DnjLFGE3OK3YWwmaer/FoYKSninkQsnw5uTdSDa29xte+3TFepramoqKGohdjQzhJ+Gu4RjZZBbbkxNumNdg5nXtPRLHJMnESbjK7ataiJ25+o/LFHs9mDHI62lPe4COwTq0brpcD0Ohh54EcbSaYsYVGi32mmlbI8omcurrUVMTq3cY3YMAw8LMfrhbpaydJnOlpuMAjDdjv/ABtcD1wRqqqGbsvRowbSuZSkqOYBSPz9cFaBZMqhepmpI4JZgDBHGbs3M/MSd7X39fHDSkscarcEpaFsijT0tWkGacbT+DELa/m2IKgL6X388GuyEEi9rYKho2gpRTPJPGXsY0CH5h6+IHjijBXU0rTumrSad4pGkOoksCDz56SV3NxYnF/s0+XxZTnc9pFSOn4Uise63EcDXYctgRhW37chjLjYVMxyupi7RVGWUkLy1S1DKiqLk73Hptzwz5f2Qky2WKtrcyooqjYCHgtMBsN9ewv74tZt2iOXziqo6OFHzNhxKkR6pA6NoYA+F0vbrfA7Np66oYmvrZaeHSOGksYaU3HIqDsNv2rcxsb3wmWWaWy2X5lNkrC+Y9r6ykmlSSpWYxqNIdCRz3HltYYW6zO/iM1aokjBDCyITdeXIi249t+uKMlBNPG7xapQi9+wtbEtLBxnjhlYGFSGIX5idtr9PDAjjxxVknO+WEKDO0o82ZDBGsTLoEYHcUW3sPA/xwwZhU9nq6h42T5NLS1ZXviFjGt+RGkmxG53A6jCbU0cK1Mb6TGqm5sT3T4XOJ6rNXgjZEI1SnZk20rawH8/HE5YVJqULsClWyOswoxIl84zoRAFRHTKDK1uQJuQNvX6YERPAFGudr2AuOtgB/T2xIWWaLS5S1ufL6DHXw02xFOSCBYnw+mOuGyqTG1bbjjWUs0WUBipgjMjPV6gBJKfEHot7beW5O2BOU59mNHDUxUUluMdOpmsFuNOxOwIHXB/tRms2Zx/AQU6iaNGkYg31AW1Ajlt5eGFepiHw0jqghiBQPHa9zbc78vS/XHFhVx9a5M40w1WU9PQ0rF6la3MalO/VvMSFT91APHAXs7QzVmfw09JqhCH5/sf44jOZUFJTtBDTVLzOBuW0KPMc79eg2xxl+e12UxzNBa827uyqxVr8+nnt54sseRY5Jcv3BH5GH9JFElNmtPBSERxRQqV23Ym4/MffAKsyLPpWWqXI68oiL31pXte3PlgvF23nhhieaihm1oQz37zDpv0tvtiI53TVGXRTMVjrizKoQXPiL2G4sVA98JgjlxY0mraKpRbbA0dXPl1G6kaWkPf1LZyPDBrIq743hrTs8M8cRBtYhxvcEf3yG+JqfNKt4ODmtYtOrhQqSJr2sLkgXtffnbEkFRSQTqIZUpjc6JqeAR3Bt8u9vqMabbTuO4ug5jrZIMzinWaTU0RQlib2O1vQbfW/hiTtNSwUtVST0+i7RsugclI5bW5X1e1sM8FRlVZ8Ia3MojGG17ppY7Wsb7b6j4DfEnaLMOyuWhohk/GeQqWK6iATy5t+WOPuS7iWlm7TqxBNPJmGXQVNNG7TgtTzBV/dGpW/wCII2/dwzZRXU2UZckcCy8ecEzFfmZr7c+XI+538u8slymOCpy+lHCLsGLjYRyAi2/MgN4+dtsEhnEtVIhqYaVq+MmJTazixsSfTc8h98P1E+5Djb2NSTuxbzOeaqof1iKeokjy6oDrx4iQU5ML+F7csFavs3mLUhaPhyUr/iLHqUaLjfTfl4388Q53W5jLJJR1EpkSePVoAty2YDy5HHEOeVp7DyQRyLx8uYQSXO/CbZD6AaRfyOE055Rjopfrs/8Adj7PkWpsrraEZjFm2WOiVOloG1A8LSbDTa/RvtgvXZpqmijkVkMxWo1FdkZkCybD/UD98SZVmVbnlKMqrpkcpGbGRbPsDbfx5YBzUlXTVNHRcUxtI/CSReWhzceO9z9xjrTlNVkq17G2cXRXnqIZVkp2jZpAx0s3Mrf8ue3n7YvUeWUklDGsQZpmYq6sbKwG9/UX+4xXiyIrHVrVTrDPGgEMYUsWPtyBwVyjK5DEYq2AqxUgFhykHL0DDp1NvHFJTiovS+CFbFjstmXwEkNNm7zyUtQn+HIkJDgtZh/uB/Lz3v5jFJDmMpo0MU8F7yEFiwsCx1bBSTvy62wKnyvhpLSuQ9ExMizcjEwNmt6G97eOLmV1NRmlXFlOZV0lFU08Yu68plAFj5Na9/T2EnpdzX0h7vZhKXLpcyhWOF1PDdQ7i0ayXCm48bdOW+FpMnnizmvoqbvyKVkUkXDIwNztfxBFjhjrsrp4pqrgFmlmI0To+6ljYX6ad7+vhfYLTPHlWeQla+pnZoGSoaNrM7Brj0Btf+OJQtRai722M/dkFZBVZbTRU2exq6TWCwMTqWMjY+I30m3kOvK12bosvav41XL8bURbcCEkpr3VelzyJvyF+RxLn9amdSQTRxssaMsXeY6mJIG7G/8AZxHltDFlWdfD1VKJJKumSojMtrJa4bUtyCf764o53i32fwB78EGcUNL8VmKzOKWoZUqqZ9Xd13Icb3uCQN/zxTpqyNVLvMsNToM0TSNccVRqVh6kAe9j44N5zQwS1dFLmZDU0VW8bCFQNCst0UDYfMDy5X8cDswymIn4uOBzSROpRWvZl3uoJte9juNvyxTFNSUbYa3KeeUMQzOKqhISjzSPixBuaOb7egY9fHF7L5ajMaVp5dMbX0C6ERwIPnk8G3svW5ve+K+U0r5x2WqaTZZKKYSU6ht3YCzjfyIb1JwXyOto5aIR5jBJJSV5E0aFiqiQMQ49LqGsCOpw2d1C6toNb2BZ64VEejL4JeBE7rGXfvSEknUQTa+5+5OI6ClrRIpar4Sb2hgGq+4NuRvvYn0wYq3ymbNPgqSmeOlRWmYRjSkiqTa5JuQbAf8AjHc2ZSI/wUMaUqM6fETtZRp3uT477AX3sfO0FN8JfmLTe4AzakanShzStB0cQRuL6GnT9oqB0t188M89Tka1tBSZJk9JI8jBmedRJtYnVqO9xt+1hR7WTy12aGseTXE6qIgx+VLd0G/lv74Jfo7j42aSLJqZqeFyg6G6mwP029cWm3HBrfgpF+DubNpe0kFQIaf4eooVWqpQhY6AG74BPgxB+uL7UFJm8yTVbQSCaMOWLNI7OeYJtsQb+Q3x0KylyrN4qqXhLBIHpZ7pZQTwy1/be/kcaLtk1ZMAUhaFgrzhVZwlwVkAvytYHyNxgTucLhswSVvkvx9nctR2rYFkpXgItUSpoVbC1lU7np9cUg+V5pNLUxySLJHfiyxoAfDVYX28frjrMc5lzOY0lPLT/AtDx5p2RjoQHew/sXPri/kGVUFW4rqUs9JSBwIIzpZnAsWbyAPLr9b82LJKEf5r+v8AkR03sJhovjZKw1QkGmnEoeRAhBLxgGw/0ty98WJJcwy6rpxPJoSNhJTypELgXvf962/LceuC+cJBorqmnaI08kJkhlDXbWhAZCDzshJH+0X5YCVmY64Z5pJpKlQ2lSzHZTyHl1Prjt1S222FlsOPauQZjllDmcYjnhkljc1cMXLvoChXmGB1bHAt6Wop5cyycsyR/ByTUqHYsDoktfmSNFvXVgNkOZSx5dX5YqSS0VejIQL7TWurA+IsOW5wx14aHLez2fOxkt87Hm0bDVpA8dLuPbAUKdfX1yNGuStBBLRdlXqmlLSGqp51RSLrrj0MfqTiPN4KiDNWkWH4qGqaKWAswskmlW1Ecv2yLE7lRiH4qQjMKGSIFKfLy0RuSZRBKGW/qCx67EYvyJNVVuVJWSQ0cIywTNBJIULsNSaVO+9lU38sCcfcZq6O4pEmg4UyJO83DpJ5SouArBw3Pkygqed7DpijktE+XdoKehniY8aOWkdgLEI62BN+oAv64s5V8NUS/BZZCInmgMh77MdaWKyANuCSL/XFiK86/FxCT4qoI0upvw3NlkIv0Xht9b4XVpdvz+6De1ifQQpmeQ1tNCA0lPpq4AOdjZZV38DpP1xPJQlsgyqoThTh43pXWQdyNtWtbkftd8+y74u9lZKfLZkkmKu9TWvSuhW2iImzsRzv3uXT8trl5gyrPcrlLpJQ5jFJ+HzKklDb2tz8cW123Xg3ICpEGUZ5Ty5nIyNA8ci8JQUZLi9zfwvyB545rIxl2ZrxCEWGR6d2KlrFLre1/Q++Js4n+LmLLEwRUCRB7sOm2/Lpi/2np2rZKup4FjIsNW4vy1xrq+jH7Hww0G9tQChXdoKyhqI5svKxLJAqq6jnYWP3wSo+1GZJQRVXw3xThy87xqfw0Gw1HlvufYYC0VGarJ6ilkT/ABdE3xSI2149hIP/AIn2OC9RU5lT5TLl9RTClU/jRyQ1EkbbgCxAbS1hpG4uAOeEyY8e2ysLbfJez6CauVqlq8yQyuFRY+4GJW9rcyOXvhaz3LhQqrRTrNBNEJI5lFg4/nixm8zSV0cdLOsEEDSPSqTdoyXuAT16b4t5tokp46dYwkVTHx4m1agJCbFAegFiLddKnGxxcKS4NXsLop0aFBxLS9Vfuj2N7fW2L1LlscnZ+vns4rKSoRWFuaOCAPW6n647zmKGnWkrqdCYalSBE43jKmzrfrzG/gRgz2WzGGvNTQKpSefLXCAMdpIiHQC/TSh++K6nVoD2B3YhJafPGnRmBpqGrmYN3bEQyC3XqQL2xH2JkL59Q0UgRYKgsjj94MpH5j64vdnl4dNnVVJOj2yieMkfNdnUHbl1P974Fdmnho+0GXSuGLx1sRG9go1i+DdpmUlRJneVS0cklGspdY3aSIk2BTQDceVhgekNRKyxVExGoEI8jk2AHvt/LDNVxU9cmXSVHEVYp3pJ7j5lViUNyRtYWvf9k+GJqoU6VUksdEkcWoRQ','Goa Trip',1),(7,2,'Punjab is known for its rich culture, delicious food, and historical significance. ','Latur','Amritsar',15000,'https://www.holidaymonk.com/wp-content/uploads/2022/06/Golden-Temple-Amritsar-Punjab.webp','Panjab trip',1),(8,2,'Whether you’re looking for relaxation, adventure, or spiritual exploration, Kerala provides an experience that rejuvenates both the body and the mind.','Nanded','Kerala',28000,'https://traveldudes.com/wp-content/uploads/2020/09/Kerala_Main.jpg','Kerala Trip',1),(9,2,'Maharashtra, a state that blends historical grandeur with modern vibrancy, offers a diverse experience for travelers. ','Delhi','Pune',40000,'https://www.atlastravel.in/blog/wp-content/uploads/2021/12/Matheran.jpg','Maharashtra Trip',1),(10,2,'Rajasthan, the land of kings, is known for its magnificent palaces, imposing forts, vibrant culture, and desert landscapes.  ','Amravati','Jaipur',17000,'https://encrypted-tbn0.gstatic.com/images?q=tbn:ANd9GcRIfJlxVu8mblyu9BQ3Db1mZAd0A5Wgiqzx0Q&s','Rajasthan Trip',1),(11,3,'The Konkan region offers a captivating blend of sun-kissed beaches, historic forts, picturesque villages, and sacred temples. ','Solapur','Kokan',8000,'https://www.aluxurytravelblog.com/wp-content/uploads/2021/02/29.jpg','Maharashtra Trip',1),(12,3,'Goa, the vibrant beach destination on India’s western coast, is a perfect getaway for all kinds of travelers.','Nashik','Goa',19000,'https://www.indiantempletour.com/wp-content/uploads/2023/04/Goa-Trip-Package.jpg','Goa Trip',1),(13,3,'Manali, a charming hill station in the Kullu Valley of Himachal Pradesh, is a dream destination for travelers seeking a blend of natural beauty, adventure, and cultural experiences. ','Ratnagiri','Manali',21000,'https://www.oyorooms.com/travel-guide/wp-content/uploads/2022/03/Budget-Friendly-ways-to-travel-and-stay-in-Manali.jpg','Manali Trip',1),(14,3,'Experience the grandeur of Rajasthan with this royal retreat. Explore the majestic forts of Jaipur, the blue streets of Jodhpur, and the romantic lakes of Udaipur. Enjoy traditional Rajasthani cuisine and cultural performances.','Aurangabad','Udaipur',10000,'https://www.tourmyindia.com/blog//wp-content/uploads/2018/07/How-to-Plan-Family-Friendly-Hioliday-Trip-to-Rajasthan.jpg','Rajasthan Trip',1),(15,3,'A refreshing escape to Kerala\'s lush greenery and serene backwaters. Cruise through the tranquil backwaters of Alleppey, explore tea plantations in Munnar, and witness Kathakali performances in Kochi.','Nashik','Kochi',12000,'https://www.keralaholidays.com/uploads/tourpackages-gallery/thumb/Kerala-Natures-Extravaganza_(1)1.jpg','Kerala Trip',1),(16,4,'A perfect getaway to the snow-capped mountains of Himachal. Visit Shimla’s colonial charm, enjoy adventure activities in Manali, and experience Tibetan culture in Dharamshala.','Ratnagiri','Shimla',18000,'https://www.honeymoonpackagesmanali.in/wp-content/uploads/2024/04/SUMMER-HILL.jpg','Shimla Trip',1),(17,4,'Explore Gujarat’s spiritual sites, stunning landscapes, and rich wildlife. This tour takes you from the world’s tallest Statue of Unity to historic temples, beautiful beaches, and the famous Gir National Park, home to Asiatic lions.','Amravati','Ahmedabad',15500,'https://www.gujaratpackage.com/wp-content/uploads/2022/07/BANNER-GUJ-1.jpg','Gujarat Trip ',1),(18,4,'Discover the diverse beauty of Maharashtra, from misty hill stations and historic caves to sun-kissed beaches and thrilling wildlife safaris. This tour offers a perfect mix of nature, adventure, and heritage.','Dhule','Mahabaleshwar',6000,'https://www.justahotels.com/wp-content/uploads/2023/09/Maharashtra-scaled.jpg','Maharashtra Trip',1),(19,4,'Experience the royal heritage, spiritual essence, and vibrant culture of Punjab. This tour takes you through historic forts, lively cities, and sacred Sikh shrines, offering a perfect blend of tradition and modernity.','Solapur','Bhatinda',15000,'https://www.revv.co.in/blogs/wp-content/uploads/2020/06/best-places-to-visit-in-Punjab.jpg','Panjab Trip',1),(20,4,'Nestled in the lap of the Himalayas, Uttarakhand is a perfect blend of spirituality, adventure, and natural beauty. Known for its ancient temples, serene hill stations, adventure activities, and breathtaking landscapes, Uttarakhand is a must-visit destination for every traveler.','Latur','Nainital',20000,'https://onlinetourandtravel.com/wp-content/uploads/2019/11/Delightful-Uttarakhand-Tour-812x406.png','Uttarakhand Trip',1),(21,5,'A perfect mix of nature and history. Explore Bangalore’s modern charm, experience Coorg’s lush coffee plantations, and step back in time at the UNESCO-listed ruins of Hampi.\n','Nanded','Bangalore',8000,'https://www.thestatesman.com/wp-content/uploads/2018/01/Karnataka.jpg','Karnataka Trip',1),(22,5,'Discover the rich heritage and wildlife of Madhya Pradesh. Explore the ancient temples of Khajuraho, go on a thrilling jungle safari in Bandhavgarh National Park, and visit the historic sites of Bhopal.','Nagpur','Bhopal',12500,'https://www.kanhanationalparkonline.in/uploads/madhya-pradesh-beauty.JPG','Madhya Pradesh Trip',1),(23,5,'Embark on an adventure-packed trip with river rafting in Rishikesh, scenic views in Nainital, and trekking in Mussoorie. This package is ideal for nature lovers and thrill-seekers.','Navi Mumbai',' Rishikesh',24500,'https://travelogyindia.b-cdn.net/storage/app/itinerary/482/chauli-ki-jali-uttarakhand.jpg','Uttarakhand Trip',1),(24,5,'Explore Gujarat’s vibrant culture and wildlife. Visit the historic Sabarmati Ashram in Ahmedabad, go on a thrilling lion safari in Gir National Park, and experience spiritual bliss at the sacred Dwarkadhish Temple.','Pune','Dwarka',17000,'https://www.gujaratpackage.com/wp-content/uploads/2022/03/gujarat-tour-packages.jpg','Gujarat Trip',1),(25,5,'Experience the vibrant culture, history, and spirituality of Punjab. Visit the iconic Golden Temple in Amritsar, witness the patriotic Wagah Border ceremony, explore the planned city of Chandigarh, and immerse yourself in the rich heritage of Ludhiana.','Tuljapur','Amritsar',19000,'https://www.tourmyindia.com/states/punjab/images/tour-banner.jpg','Panjab Trip',1),(26,3,'Kochi is a city that\'s rich in history and culture. Visit the historic Fort Kochi, take a stroll along the picturesque Marine Drive, explore the local markets at Broadway, or take a boat ride in the backwaters.','Nashik','Kochi',20000,'data:image/jpeg;base64,/9j/4AAQSkZJRgABAQAAAQABAAD/2wCEAAkGBwgHBgkIBwgKCgkLDRYPDQwMDRsUFRAWIB0iIiAdHx8kKDQsJCYxJx8fLT0tMTU3Ojo6Iys/RD84QzQ5OjcBCgoKDQwNGg8PGjclHyU3Nzc3Nzc3Nzc3Nzc3Nzc3Nzc3Nzc3Nzc3Nzc3Nzc3Nzc3Nzc3Nzc3Nzc3Nzc3Nzc3N//AABEIAFwAXAMBIgACEQEDEQH/xAAcAAACAwEBAQEAAAAAAAAAAAADBQQGBwIBCAD/xAA5EAACAQIFAgMFBgQHAQAAAAABAgMEEQAFEiExBhNBUWEUInGBkQcjMqGx8EJi0eEWMzRSwcLxFf/EABkBAAIDAQAAAAAAAAAAAAAAAAIFAQMEAP/EACYRAAICAQQBAwUBAAAAAAAAAAECABEDEhMhMSJBYYEEUZGh8BT/2gAMAwEAAhEDEQA/AL0tXJ5HbnHvtref0wIUZOxdvrj8aN+BIfXbDSlifyhxWP5HHorH8QbYj+ySWI1m3quPBTTjh/39cdSzraTUqweTgy1C4XrBUf71PxxzVP7FTvUVdRDFEm7O2wH5YEgSdRjZZb+GOgxPAxm+cdY5hl2dxwRLTSUUseqN+SR5m9rH0w0znr6jy3LqKWMd6WoUdwJsYQR+IXFj8MZzmQEi+oQe5dGYKpaQ6VHJLWAxVOrOrHyNjEtOA0i6qafVrR7EXBHgbXtucJOkeqs4zXOJKGojWpSWzQq3uqLe8WNhuL2+tvhXvtFoqECo9nqzLWST/wCSgKxoATqO977i3h/Sps1rawl8mAlo6d+0BSEp8ybuPHG8kkwNriylfnuR8gcQc6+0qpWvdKAQRwJsvdFy/wDNzxihUMc9FCs0wdmqQ2gqSeLDgfP6YHKaqJyvaa/JN73OM27kY0JccYHZn0pTtRxxGVoy5HgbHAJq+glYFIlvezD9+OF/sJU37jA/HAjl5sdMmm/koxv0i7uRrNUBGkdbQxQSWiVieNW98CNXTzrqlCggbm4XCo5XqPvSyMfjbBYct0Cwa/xF8TpA5uDrY8VJV6MyD3ta2udJGIPUtfR0uQTGGBnkLoETuaWZiQANVtgOdvLEtaNwxswUkWJC847kypJ42WRuQbEADSSLXHrgXFrwZ3xMuk6eqKyB6qrX77uSh7IZBIQt1AO9rk2P9sUmoETsVgUpuHKkHng/ri/9U1md0deiRyikoqeTRTmBQwY3JUnm52F+OOMVrNWmXXMIqeWsmb3vuwx454GnnywqLAGvWcvfHU4yOumy6gD0pJzCqk7SRKLtbnffjcbePjibDRVmaU7f/QKyGKMyqyRAWNrC7C3oLb4hLRVdPTR1JUw6194FlZd+QPEeHN8TMtqTE7U9PWwRgqLK8YIlNtxYcHc+Phis5TXjONAkwMmdKkUtLLTQBkQpCzC3bO3G9rm3OGv+MJZFW9MvuqF91BawGKLnbs1VIPAi4+WGWXwRilRpRK7ML3jFwPTBKTjGoesgp4gz6G0+uAVM0FLE89RMkUUYu7u1go8yTiE9PWxlmkr7Rj+JpAv/AFtjMvtKr2FSaOrzAlY0SSFRJqD3Yg3sBvtf5DDfKwQWOZGK8jURU1PK83y7M/8AQ1ccrDfSDuR528sFr82y/Lu2K6sgp+6wRBI4XUfIXxgWW9QTUCVUtNUe0I1jBGVPuuFIvbkXNjbxxM6xzSizWtNTLWE6YVjRWLPo4uQDuL3N/O2MxzN1U2DAOyZv0UkbqGRgyngjg4Kw1RsAqvdSNJNgfTGLdMdX18dJS0ncmm94KWQOSAWawJG17FbfC2LNXdVSUkVwMxN4wwkKPpv67bD8W5Phg0yqV8uJS+N1NKL+Z71TQ1eY0vdioHjTvqsWhNKgXsCfTf8AfBN0v0ouXRST1aw6GfWXmfUVFrgspA338CcJoPtD7kTw1iTyBmZX0yEWFj8d72wEddxz0K0lRGJyqDWGqSusgDwtwSP+MZmGNSTdwNrIq8iJ3qlqqpkqqkjtgwjT7uvTcA3+FtucLqzLKN0VqJqnnSCwvc3/ACxPqMwlzLMC7UtPT0SHXMLm9idh6m23zxOFdRQS1SUbOC9ivvWCeBIuBv8A+4XMSpsTqAFxI2QVDsJqpolZPxart9drfLEaqep7lp6+7AWGhGAAHlbBFqquKOfvMHjmLBT3b7jbnbfnnyw4yPNo1y2NI6OFyhKu8qBizX5ufS2DbcAvuGF945q+m+qq1QtRmsEinYpJO+m178AWvim55RVeR1Rpq9ackfgKFmDA24JA+eNqgoJWUvrJt6YX5rkMOZU/ZrYVkBOzEbj92w4P0+M+vMzi1N6ZjNJLUVbMIYYmdeSVt4XGJOZLVZXUvS1KxLIihmjUHxxq/T3S0GSpJLSR/e6j77bkDHmc9K0XUTxz5jBrmj4kBKkrf8Jt4YD/AC+8tDrfKzMcqyzOM9h10KxlL3Bk12LAkbWvvzianT/UZUqxRlZAXVGchgxIAtbxsfTbGs0lCKaJKaCNY4UWyKm1sH7FUqntgLYbBth88GPp0C0TBZjfiOJjlJ0tm9VukEax3JLOp22Jv+Rx5F0xW+zQ1iw08ZcFlWVTqYgXta1jxiw53XZrkCtRtWQpCZQYxquCvIUkb2+PrhtJHntZlclGaNJ2cDUdBYWCgWHgP64p04+eDxA3WmZ1sVbBV1PfiVCj6ZDFEUVdxfbwOGdLJlAjQyy5ixclVZVQBj4jx/XB8yq6qkUwo3YlZ2MjTG/3gJXVbe9iPyxBnzN43aSvRXV2keJu0NDuw2IYevj4Yz6Vea0AJ8oJq/LZIn9nNdqG419vj1/p+eI+qNiWTM6qmB30GJb/AB2c47lejnYyRGkMgIsXbQW9bEWuOfrhTUXnkMk9UhY+ZGw8tuMWY0Qdj+/EtKKOp9HU9X2yfLHs9WHK2AsMK9X82POf4jhxtCKd9qqNYa3Qrggb44aq3902GF9rj8R+uOlRfHEbaidvN1Jq1DBgRIARg0mbGnppGkZWsDb124wuHbBsb/Q4gdTUsNRkVVE7hPdDK45Q3FjiGQVxI3WEoHWuaR10zxUdIFpS4HcDHcAm5t89sQqTP83yirEseYzmBX0krJ7pHqp28Bf4euAZpJoZva5GNQ02orFdV02G9iBvqGETMjsY50YIReynk+eFGTUWubMIFcRlMJcyR3Z+9uxvYnm5O3xJxHpswlhg0SCTTwJYjvb+YcHHVFm0lPCscAAiU24Gw9Tz4Y4nqKylqI5DHDIkhDBgN7Hm4BxXj1Kxl4HNGH7k0t9EtFU+kkKq36fpfHKRREffUMWr0Qf2wnilqaxmMFMr6RqYIvA+uLFl+Q1ElKkk01XAz7iOO1gPmecGzhezOZlTuawsmrBlN/HC9Cbc4IWIXY4fRLqk5W9cEEgGFXcYeOO0kbzxOiBvCNllIx5MIqmCSCZQ0cg0sPMYixMTa5wdd2GBKw9ViUrqXpGsr81hahSNaaKOym+5Pr54qfUfT2a0FKJ6yG0aBUUr6nG4RRrYbYHW5fTV0IjqoxIgN9J4vjM+FGJ+8vR2Sq9JkXSvSFZVTQmoWOOCoQ6C4vuQGA+l8Pcw6WyimpBTU00r5gGBYpc7A7222HONF7UcFPpjjVVjUsoHAIxSM5smYTzqoDLRPMACdnDWvfkbeRxnzYSEpP3C1MzamMRQ0dLHUbxu7B9QZ1HPOwNgPiAPDHVRUIXtJHUSEC2oOUv8gMLPbquaDU1RIrEhyymxJ1W/TA4Myq5IlEsvcKXVTIoYgX43GE64r7lmgnuf/9k=','Kochi trip',1);
/*!40000 ALTER TABLE `package` ENABLE KEYS */;
UNLOCK TABLES;

--
-- Table structure for table `role`
--

DROP TABLE IF EXISTS `role`;
/*!40101 SET @saved_cs_client     = @@character_set_client */;
/*!50503 SET character_set_client = utf8mb4 */;
CREATE TABLE `role` (
  `role_id` int NOT NULL AUTO_INCREMENT,
  `role_name` varchar(255) DEFAULT NULL,
  `desc` varchar(255) DEFAULT NULL,
  PRIMARY KEY (`role_id`),
  UNIQUE KEY `Role_name_UNIQUE` (`role_name`)
) ENGINE=InnoDB AUTO_INCREMENT=4 DEFAULT CHARSET=utf8mb4 COLLATE=utf8mb4_0900_ai_ci;
/*!40101 SET character_set_client = @saved_cs_client */;

--
-- Dumping data for table `role`
--

LOCK TABLES `role` WRITE;
/*!40000 ALTER TABLE `role` DISABLE KEYS */;
INSERT INTO `role` VALUES (1,'Admin','Has full access to all features and data.'),(2,'Tourist','Has Tourist Operations'),(3,'Company','Has Company Trips operations');
/*!40000 ALTER TABLE `role` ENABLE KEYS */;
UNLOCK TABLES;

--
-- Table structure for table `tourist`
--

DROP TABLE IF EXISTS `tourist`;
/*!40101 SET @saved_cs_client     = @@character_set_client */;
/*!50503 SET character_set_client = utf8mb4 */;
CREATE TABLE `tourist` (
  `tourist_id` int NOT NULL AUTO_INCREMENT,
  `user_id` int DEFAULT NULL,
  `age` int NOT NULL,
  `gender` varchar(255) DEFAULT NULL,
  `adhar_no` varchar(255) DEFAULT NULL,
  `trip_id` int DEFAULT NULL,
  `firstname` varchar(255) DEFAULT NULL,
  `lastname` varchar(255) DEFAULT NULL,
  PRIMARY KEY (`tourist_id`),
  UNIQUE KEY `Adhar_NO_UNIQUE` (`adhar_no`),
  KEY `FTUser_ID_idx` (`user_id`),
  KEY `Trip_id_idx` (`trip_id`),
  CONSTRAINT `FTUser_ID` FOREIGN KEY (`user_id`) REFERENCES `users` (`user_id`),
  CONSTRAINT `Trip_id` FOREIGN KEY (`trip_id`) REFERENCES `trips` (`trip_id`)
) ENGINE=InnoDB AUTO_INCREMENT=93 DEFAULT CHARSET=utf8mb4 COLLATE=utf8mb4_0900_ai_ci;
/*!40101 SET character_set_client = @saved_cs_client */;

--
-- Dumping data for table `tourist`
--

LOCK TABLES `tourist` WRITE;
/*!40000 ALTER TABLE `tourist` DISABLE KEYS */;
INSERT INTO `tourist` VALUES (18,3,22,'Male','12345678',2,'Tejas','T'),(19,3,23,'Male','12345678765',2,'kunal','f'),(20,3,22,'Female','12345654',9,'Mayuri','p'),(21,3,22,'Female','234565432',9,'Manjusha','a'),(29,3,12,'Male','1234567',2,'karan','raut'),(30,3,23,'Male','1234567898765434567',2,'om','gaikwad'),(31,3,23,'Female','123456',2,'mansi','raut'),(32,3,12,'Male','98767890',5,'Nitin','puri'),(33,3,32,'Male','6757576',5,'Adesh','Giri'),(36,3,21,'Male','746834345',2,'Tejas','Thorat'),(37,9,22,'Male','78787676745',2,'Chota','Bheem'),(38,9,12,'Female','0000000909',2,'Chutki','b'),(39,9,45,'Male','00000000001',2,'aditya ','jaiswal'),(40,9,23,'Male','100000000',2,'Ram','Kapoor'),(41,9,34,'Male','80000000001',2,'Tushar','Kapoor'),(42,9,56,'Male','000000002',2,'Salman','Khan'),(43,9,24,'Male','0000000003',11,'Vicky','Kaushal'),(44,9,22,'Female','00000007',11,'Katrina','Kaif'),(45,9,56,'Male','987654560',11,'Jethalal','Gada'),(46,9,34,'Female','2345678765432345670',17,'Babita','Gada'),(47,9,45,'Male','234567897650',17,'Atmaram','Bhide'),(48,9,43,'Female','123409789',17,'Madhavi','Bhide'),(49,3,21,'Female','245654647',2,'Neha','Jadhav'),(50,3,45,'Male','4567887651212',2,'Popatlal','Pandey'),(51,3,34,'Male','12345432000',13,'Roshansingh','Sodhi'),(52,3,35,'Male','123456543210',12,'Krishnan','Iyer'),(53,3,34,'Female','00909067685',12,'Babita','Iyer'),(54,3,12,'Male','1627281354',12,'Tapu','Iyer'),(55,3,34,'Male','12321232',12,'Abdul','k'),(56,3,23,'Male','12345564308789',2,'Ketan','Rathod'),(57,3,22,'Male','123456543209090',9,'Raju','Kumar'),(58,3,2,'Female','1',2,'sdfd','sdf'),(59,3,22,'Male','0',2,'guru','raj'),(60,3,23,'Male','9',2,'om','rajput'),(61,3,21,'Male','62456524685',2,'','Thorat'),(62,12,33,'Male','6',4,'Sham','Ghate'),(66,12,34,'Male','66',4,'Sham','Ghate'),(67,12,23,'Female','69',5,'Mansi','Kulkarni'),(68,12,23,'Male','000000000000000000',13,'Aditya','Ladke'),(77,12,23,'Male','0707',13,'aditya','ladke'),(82,12,22,'Male','56765679878',4,'raj','Kumar'),(84,12,22,'Male','567890123409',11,'Kunal','Fengade'),(85,12,25,'Male','098767891256',11,'Shubham','Fengade'),(86,10,22,'Male','102938485764',4,'sumit','kumar'),(87,10,26,'Male','789012345678',5,'Rohit','Kumar'),(88,14,22,'Female','456712340987',11,'Tanuja','Jadhav'),(89,3,20,'Male','123456789877',1,'Swpanil','Thorat'),(90,3,11,'Male','576474564543',1,'Swapnil','Navse'),(91,3,21,'Male','544434344532',1,'Neha','Jadhav'),(92,3,22,'Male','777798071230',43,'Ketan','Raut');
/*!40000 ALTER TABLE `tourist` ENABLE KEYS */;
UNLOCK TABLES;

--
-- Table structure for table `trips`
--

DROP TABLE IF EXISTS `trips`;
/*!40101 SET @saved_cs_client     = @@character_set_client */;
/*!50503 SET character_set_client = utf8mb4 */;
CREATE TABLE `trips` (
  `trip_id` int NOT NULL AUTO_INCREMENT,
  `packageid` int DEFAULT NULL,
  `start_date` date DEFAULT NULL,
  `end_date` date DEFAULT NULL,
  `tourist_allowed` int DEFAULT NULL,
  `tour_status` varchar(45) DEFAULT NULL,
  `trips_status` int DEFAULT NULL,
  PRIMARY KEY (`trip_id`),
  KEY `FPackage_ID_idx` (`packageid`),
  CONSTRAINT `FKqbpx34j378orw1sv98f0hfw7j` FOREIGN KEY (`packageid`) REFERENCES `package` (`packageid`)
) ENGINE=InnoDB AUTO_INCREMENT=55 DEFAULT CHARSET=utf8mb4 COLLATE=utf8mb4_0900_ai_ci;
/*!40101 SET character_set_client = @saved_cs_client */;

--
-- Dumping data for table `trips`
--

LOCK TABLES `trips` WRITE;
/*!40000 ALTER TABLE `trips` DISABLE KEYS */;
INSERT INTO `trips` VALUES (1,1,'2024-12-31','2025-01-06',27,'Completed',1),(2,2,'2025-01-31','2025-02-07',25,'Inprogress',1),(3,2,'2025-02-25','2025-03-05',25,'Upcoming',0),(4,1,'2025-02-07','2025-02-12',20,'Upcoming',1),(5,3,'2025-02-15','2025-02-22',18,'Upcoming',1),(6,3,'2025-03-02','2025-03-09',25,'Upcoming',1),(7,4,'2025-02-01','2025-02-05',35,'Inprogress',1),(8,4,'2025-03-07','2025-03-12',30,'Upcoming',1),(9,5,'2025-01-20','2025-02-27',59,'Completed',1),(10,5,'2025-03-07','2025-03-12',60,'Upcoming',1),(11,6,'2025-02-07','2025-02-12',24,'Upcoming',1),(12,6,'2025-01-29','2025-02-05',30,'Inprogress',1),(13,7,'2025-02-18','2025-02-22',21,'Upcoming',1),(14,7,'2025-03-06','2025-03-13',40,'Upcoming',1),(15,8,'2025-02-02','2025-02-08',30,'Inprogress',1),(16,8,'2025-03-07','2025-03-12',35,'Upcoming',1),(17,9,'2025-02-05','2025-02-08',40,'Upcoming',1),(18,9,'2025-03-05','2025-03-08',40,'Upcoming',1),(19,10,'2025-02-03','2025-02-12',32,'Inprogress',1),(20,10,'2025-03-15','2025-03-23',32,'Upcoming',0),(21,11,'2025-01-13','2025-01-17',45,'Completed',1),(22,11,'2025-03-10','2025-03-14',45,'Inprogress',1),(23,12,'2024-12-28','2025-01-03',50,'Completed',1),(24,12,'2025-02-07','2025-03-15',50,'Upcoming',1),(25,13,'2025-01-03','2025-01-07',30,'Completed',1),(26,13,'2025-03-15','2025-03-23',30,'Upcoming',1),(27,14,'2025-01-22','2025-01-27',35,'Completed',1),(28,14,'2025-03-13','2025-03-20',35,'Upcoming',1),(29,15,'2025-02-25','2025-03-03',40,'Upcoming',1),(30,15,'2025-04-10','2025-03-16',40,'Upcoming',1),(31,16,'2025-02-03','2025-02-12',25,'Inprogress',1),(32,16,'2025-03-31','2025-04-08',25,'Upcoming',1),(33,17,'2025-01-25','2025-02-04',40,'Inprogress',1),(34,17,'2025-03-18','2025-03-26',40,'Upcoming',1),(35,18,'2025-02-03','2025-02-08',40,'Inprogress',1),(36,18,'2025-03-25','2025-04-01',40,'Upcoming',1),(37,19,'2025-01-11','2025-01-16',30,'Completed',1),(38,19,'2025-03-14','2025-03-20',30,'Upcoming',1),(39,20,'2025-02-01','2025-02-08',40,'Inprogress',1),(40,20,'2025-04-08','2025-04-15',40,'Upcoming',1),(41,21,'2025-01-08','2025-01-12',30,'Completed',1),(42,21,'2025-02-12','2025-03-15',30,'Upcoming',1),(43,22,'2025-03-13','2025-03-18',31,'Upcoming',1),(44,22,'2025-04-18','2025-04-24',32,'Upcoming',1),(45,23,'2025-01-22','2025-01-26',30,'Completed',1),(46,23,'2025-03-12','2025-03-21',30,'Upcoming',1),(47,24,'2025-01-02','2025-01-06',40,'Completed',1),(48,24,'2025-03-04','2025-03-09',40,'Upcoming',1),(49,25,'2025-01-03','2025-01-12',30,'Completed',1),(50,25,'2025-03-15','2025-03-23',30,'Upcoming',1),(51,15,'2025-02-28','2025-03-07',29,NULL,1),(52,12,'2025-02-17','2025-02-23',20,NULL,1),(53,17,'2025-02-28','2025-02-27',18,NULL,1),(54,17,'2025-02-27','2025-03-08',29,NULL,1);
/*!40000 ALTER TABLE `trips` ENABLE KEYS */;
UNLOCK TABLES;

--
-- Table structure for table `users`
--

DROP TABLE IF EXISTS `users`;
/*!40101 SET @saved_cs_client     = @@character_set_client */;
/*!50503 SET character_set_client = utf8mb4 */;
CREATE TABLE `users` (
  `user_id` int NOT NULL AUTO_INCREMENT,
  `role_id` int NOT NULL,
  `username` varchar(255) NOT NULL,
  `password` varchar(255) NOT NULL,
  `firstname` varchar(255) NOT NULL DEFAULT 'Company',
  `lastname` varchar(255) NOT NULL DEFAULT 'Company',
  `contactno` varchar(255) NOT NULL,
  `email` varchar(255) NOT NULL,
  `address` varchar(255) NOT NULL DEFAULT 'Company',
  `account_status` int DEFAULT NULL,
  PRIMARY KEY (`user_id`),
  UNIQUE KEY `Username_UNIQUE` (`username`),
  UNIQUE KEY `Contact_NO_UNIQUE` (`contactno`),
  KEY `FRole_ID_idx` (`role_id`),
  CONSTRAINT `FRole_ID` FOREIGN KEY (`role_id`) REFERENCES `role` (`role_id`)
) ENGINE=InnoDB AUTO_INCREMENT=44 DEFAULT CHARSET=utf8mb4 COLLATE=utf8mb4_0900_ai_ci;
/*!40101 SET character_set_client = @saved_cs_client */;

--
-- Dumping data for table `users`
--

LOCK TABLES `users` WRITE;
/*!40000 ALTER TABLE `users` DISABLE KEYS */;
INSERT INTO `users` VALUES (1,1,'ATejas@18','Tejas@18','Tejas','Thorat','9405202928','tejassthorat18@gmail.com','Pune',1),(2,1,'AMayuri@20','Mayuri@20','Mayuri','Puri','8473536248','kunal.fengade07@gmail.com','Latur',1),(3,2,'TNeha@29','Neha@29','Neha','Jadhav','9764046497','kunal.fengade07@gmail.com','Pune',1),(4,3,'CPratik@01','@Pratik07','Pratik','Jagtap','4637829109','kunal.fengade07@gmail.com','Solapur',0),(5,3,'CRohan@10','Rohan@10','Rohan','Company','9876543201','Rohan@10','Nanded',1),(6,3,'CSakshi@13','Sakshi@13','Sakshi','Company','6785986755','Sakshi@13','Vadgaon',1),(7,3,'CShivkrupa@10','Shivkrupa@10','Shiv','Company','7896541258','shivkrupa10@gmail.com','Aurangabad',0),(8,3,'CNarmada@20','Narmada@@20','Narmada','Company','7894578754','narmada20@gmail.com','Nanded',1),(9,2,'TAjay@3','Ajay@3','Ajay','Kulkarni','9874568457','ajay3@gmail.com','Company',1),(10,2,'TSuhan@7','Suhan@7','Suhan','Pawar','8251478542','kunal.fengade07@gmail.com','Company',1),(11,2,'TAakash@16','Aakash@16','Aakash','Gurav','7845120321','aakashg16@gmail.com','Company',1),(12,2,'TRuhi@25','Ruhi@25','Ruhi','Thorat','9547812450','kunal.fengade07@gmail.com','Company',1),(13,2,'TAjinkya@6','Ajinkya@6','Ajinkya','Mundhe','8654512121','ajinkya6@gmail.com','Company',1),(14,2,'TTanuja@13','Tanuja@13','Tanuja','Bharati','7458621154','kunal.fengade07@gmail.com','Company',1),(15,2,'TAbhilasha@14','Abhilasha@14','Abhilasha','Raut','7847474785','abhilasha14@gmail.com','Company',1),(16,2,'TKunal@78','Kunal@78','Kunal','Rathod','9845212151','kunal78@gmail.com','Company',1),(17,2,'TManjusha@8','Manjusha@8','Manjusha','Joshi','8564545845','manjusha8@gmail.com','Company',1),(18,2,'TJay@90','Jay@90','Jay','Singh','9845121451','jaysingh90@gmail.com','Company',1),(31,2,'Tanmay@01','Tanmay@01','Tanmay','Raut','9834763121','Tanmay18@gmail.com','Delhi',0),(32,2,'Tanvi@20','Tanvi@20','Tanvi','Mankar','7896543210','Tanvi20@gmail.com','Nagpur',0),(33,3,'Chetan','Chetan@07','Chetan','Company','8978986756','Chetan@07','Bhosari',0),(35,3,'Com1','Virat@18','Company','Company','9405202988','tejas18@gmail.com','Pune',0),(36,2,'TKunal@07','Kunal@07','Kunal','Jaiswal','9876543212','Kunal07@gmail.com','pune',0),(37,1,'AAjay','@Ajay1818','Ajay','Gole','7624754573','ajaygole18@gmail.com','Pune',1),(38,1,'admin123','SecurePass123','John','Doe','9876543210','admin123@safar.com','123 Admin Street, City',1),(43,1,'AOm','Omgawande@07','Om','Gawande','6789054321','om07@gmail.com','delhi',1);
/*!40000 ALTER TABLE `users` ENABLE KEYS */;
UNLOCK TABLES;
/*!40103 SET TIME_ZONE=@OLD_TIME_ZONE */;

/*!40101 SET SQL_MODE=@OLD_SQL_MODE */;
/*!40014 SET FOREIGN_KEY_CHECKS=@OLD_FOREIGN_KEY_CHECKS */;
/*!40014 SET UNIQUE_CHECKS=@OLD_UNIQUE_CHECKS */;
/*!40101 SET CHARACTER_SET_CLIENT=@OLD_CHARACTER_SET_CLIENT */;
/*!40101 SET CHARACTER_SET_RESULTS=@OLD_CHARACTER_SET_RESULTS */;
/*!40101 SET COLLATION_CONNECTION=@OLD_COLLATION_CONNECTION */;
/*!40111 SET SQL_NOTES=@OLD_SQL_NOTES */;

-- Dump completed on 2025-02-11 18:50:59
